gpr_mean,true_y,gpr_lwr,gpr_upr,day
1.0817253226843058e-06,2.6010711210876634e-06,1.942242314386962e-07,1.9692264139299153e-06,0
1.0867784983023893e-06,0.0,2.2230334789603096e-07,1.951253648708748e-06,1
1.0918732978056515e-06,2.9390154298310068e-06,2.4978669163018105e-07,1.9339599039811216e-06,2
1.0970076414037388e-06,0.0,2.76662383927833e-07,1.9173528988796446e-06,3
1.1021793854818102e-06,3.227545161425671e-06,3.029188959924778e-07,1.9014398749711429e-06,4
1.1073863237074114e-06,2.9624187556656258e-06,3.285451188907082e-07,1.8862275285241147e-06,5
1.112626188220296e-06,0.0,3.535304419184658e-07,1.8717219345221265e-06,6
1.1178966509063223e-06,0.0,3.7786483951069776e-07,1.857928462301947e-06,7
1.123195324751531e-06,0.0,4.015389665738486e-07,1.8448516829292131e-06,8
1.1285197652793268e-06,0.0,4.245442618378856e-07,1.8324952687207679e-06,9
1.1338674720672635e-06,0.0,4.468730584635207e-07,1.8208618856710063e-06,10
1.1392358903440707e-06,0.0,4.685187007436685e-07,1.809953079944473e-06,11
1.1446224126642316e-06,2.5468557791977914e-06,4.894756652839477e-07,1.7997691600445154e-06,12
1.1500243806608857e-06,0.0,5.09739684575492e-07,1.7903090767462794e-06,13
1.1554390868748829e-06,2.5946125465084295e-06,5.293078703845153e-07,1.7815703033652503e-06,14
1.1608637766568256e-06,0.0,5.481788339176272e-07,1.7735487193960242e-06,15
1.1662956501441502e-06,0.0,5.663527993214598e-07,1.7662385009668405e-06,16
1.1717318643078443e-06,0.0,5.83831706748622e-07,1.7596320218670664e-06,17
1.1771695350698026e-06,0.0,6.006193010509323e-07,1.7537197690886728e-06,18
1.182605739486369e-06,0.0,6.167212021378815e-07,1.7484902768348562e-06,19
1.1880375179989986e-06,0.0,6.321449532345892e-07,1.743930082763408e-06,20
1.1934618767466838e-06,5.29778870299537e-06,6.469000436667152e-07,1.7400237098266523e-06,21
1.198875789940045e-06,0.0,6.609979034332938e-07,1.7367536764467965e-06,22
1.2042762022941156e-06,5.187596456871619e-06,6.74451867647621e-07,1.73410053694061e-06,23
1.209660031517282e-06,3.0364311003419027e-06,6.872771099280974e-07,1.7320429531064663e-06,24
1.215024170852666e-06,3.0324900989198274e-06,6.994905449247968e-07,1.730557796780535e-06,25
1.2203654916716845e-06,0.0,7.111107013325044e-07,1.7296202820108645e-06,26
1.2256808461142319e-06,2.553300140431508e-06,7.221575678651314e-07,1.729204124363332e-06,27
1.230967069775019e-06,0.0,7.326524156942582e-07,1.7292817238557798e-06,28
1.236220984430806e-06,0.0,7.426176017076905e-07,1.7298243671539215e-06,29
1.2414394008074234e-06,0.0,7.520763575710571e-07,1.73080244404379e-06,30
1.2466191213816742e-06,0.0,7.610525699419798e-07,1.7321856728213683e-06,31
1.2517569432164248e-06,0.0,7.695705572788631e-07,1.7339433291539863e-06,32
1.2568496608241109e-06,0.0,7.776548485201867e-07,1.736044473128035e-06,33
1.2618940690565322e-06,0.0,7.853299685103852e-07,1.7384581696026791e-06,34
1.2668869660158582e-06,0.0,7.926202344605423e-07,1.7411536975711744e-06,35
1.271825155986005e-06,2.4103645676408555e-06,7.995495670170766e-07,1.7441007449549334e-06,36
1.2767054523767726e-06,5.357032846646899e-06,8.061413187114124e-07,1.7472695860421329e-06,37
1.2815246806815923e-06,2.9577223171979724e-06,8.124181217550522e-07,1.7506312396081321e-06,38
1.286279681441138e-06,0.0,8.184017563473131e-07,1.7541576065349632e-06,39
1.2909673132123676e-06,2.6013011708456576e-06,8.241130399442111e-07,1.7578215864805242e-06,40
1.2955844555365265e-06,2.5119884649489686e-06,8.295717372966152e-07,1.7615971737764376e-06,41
1.3001280119041928e-06,4.846593208468937e-06,8.347964905423648e-07,1.7654595332660206e-06,42
1.3045949127134338e-06,0.0,8.398047682207752e-07,1.769385057206092e-06,43
1.3089821182149524e-06,4.893768519855243e-06,8.446128317728699e-07,1.7733514046570351e-06,44
1.3132866214439478e-06,0.0,8.492357178956547e-07,1.777337524992241e-06,45
1.3175054511321304e-06,0.0,8.536872350049577e-07,1.781323667259303e-06,46
1.3216356745964173e-06,0.0,8.579799720293627e-07,1.7852913771634719e-06,47
1.325674400602374e-06,0.0,8.621253177933084e-07,1.7892234834114396e-06,48
1.3296187821955597e-06,0.0,8.661334893134734e-07,1.793104075077646e-06,49
1.3334660195000344e-06,0.0,8.700135674532728e-07,1.7969184715467963e-06,50
1.3372133624771037e-06,4.812122699504592e-06,8.73773538500118e-07,1.8006531864540895e-06,51
1.3408581136443523e-06,0.0,8.774203403869968e-07,1.8042958869017078e-06,52
1.3443976307468587e-06,0.0,8.809599124133674e-07,1.8078353490803498e-06,53
1.3478293293811932e-06,2.5477057909352622e-06,8.843972474760498e-07,1.8112614112863368e-06,54
1.351150685565329e-06,0.0,8.877364459558515e-07,1.8145649251748067e-06,55
1.3543592382525927e-06,0.0,8.909807705328613e-07,1.817737705972324e-06,56
1.357452591786546e-06,2.508497535401172e-06,8.941327013292638e-07,1.820772482243828e-06,57
1.3604284182914133e-06,0.0,8.971939908733842e-07,1.8236628457094426e-06,58
1.363284459996832e-06,0.0,9.001657184853498e-07,1.826403201508314e-06,59
1.366018531492905e-06,5.553920234597592e-06,9.030483437544207e-07,1.828988719231389e-06,60
1.3686285219117072e-06,4.943862441971415e-06,9.05841758857498e-07,1.8314152849659165e-06,61
1.3711123970335303e-06,0.0,9.08545339520583e-07,1.833679454546478e-06,62
1.3734682013138933e-06,0.0,9.111579944803832e-07,1.8357784081474033e-06,63
1.375694059829014e-06,0.0,9.136782133393808e-07,1.8377099063186476e-06,64
1.3777881801368499e-06,4.910313130668343e-06,9.161041127431435e-07,1.8394722475305564e-06,65
1.379748854050804e-06,0.0,9.184334808363697e-07,1.8410642272652384e-06,66
1.3815744593242368e-06,0.0,9.206638199713938e-07,1.84248509867708e-06,67
1.383263461243513e-06,2.3965298248136696e-06,9.227923876624641e-07,1.8437345348245617e-06,68
1.3848144141255824e-06,2.404684325065227e-06,9.248162357859815e-07,1.8448125924651833e-06,69
1.3862259627214844e-06,2.378262679112908e-06,9.267322480434882e-07,1.8457196773994805e-06,70
1.387496843520189e-06,0.0,9.285371756979474e-07,1.8464565113424306e-06,71
1.3886258859525702e-06,0.0,9.302276716067981e-07,1.8470241002983424e-06,72
1.3896120134954915e-06,0.0,9.31800322574388e-07,1.8474237044165948e-06,73
1.3904542446711282e-06,0.0,9.332516800414664e-07,1.8476568093007901e-06,74
1.3911516939430548e-06,3.9716345857883e-06,9.34578289135665e-07,1.8477250987504448e-06,75
1.3917035725060812e-06,0.0,9.357767161002908e-07,1.8476304289118714e-06,76
1.392109188971305e-06,0.0,9.368435741203745e-07,1.8473748038222355e-06,77
1.3923679499411918e-06,0.0,9.377755475573704e-07,1.8469603523250131e-06,78
1.392479360479577e-06,0.0,9.385694146108789e-07,1.8463893063482754e-06,79
1.3924430244713745e-06,2.6966607250242024e-06,9.392220684135874e-07,1.8456639805291616e-06,80
1.3922586448740066e-06,0.0,9.397305365719411e-07,1.844786753176072e-06,81
1.3919260238600828e-06,0.0,9.400919991605147e-07,1.843760048559651e-06,82
1.3914450628509834e-06,0.0,9.403038051784121e-07,1.8425863205235545e-06,83
1.3908157624416446e-06,0.0,9.403634874755773e-07,1.8412680374077117e-06,84
1.3900382222179267e-06,2.5074471179402824e-06,9.402687761600631e-07,1.8398076682757901e-06,85
1.3891126404641163e-06,0.0,9.400176104923211e-07,1.8382076704359116e-06,86
1.3880393137657604e-06,2.6228407463555627e-06,9.396081492854299e-07,1.8364704782460912e-06,87
1.3868186365041695e-06,2.4773017229633484e-06,9.390387798204383e-07,1.8345984931879008e-06,88
1.3854511002471248e-06,0.0,9.383081253007543e-07,1.8325940751934954e-06,89
1.3839372930348834e-06,0.0,9.374150508628098e-07,1.830459535206957e-06,90
1.3822778985641531e-06,7.374540627573408e-06,9.363586681744351e-07,1.8281971289538712e-06,91
1.3804736952700901e-06,0.0,9.351383386491294e-07,1.825809051891051e-06,92
1.3785255553099396e-06,7.608960311663014e-06,9.337536753129765e-07,1.8232974353069026e-06,93
1.3764344434487947e-06,0.0,9.322045433677035e-07,1.8206643435298857e-06,94
1.3742014158498485e-06,0.0,9.304910594926774e-07,1.8179117722070199e-06,95
1.371827618771123e-06,0.0,9.286135899406435e-07,1.815041647601603e-06,96
1.3693142871719083e-06,0.0,9.265727474834362e-07,1.8120558268603803e-06,97
1.3666627432301986e-06,0.0,9.243693872669484e-07,1.8089560991934488e-06,98
1.3638743947741494e-06,0.0,9.220046016446282e-07,1.8057441879036707e-06,99
1.3609507336309386e-06,2.5014132985136607e-06,9.194797140566951e-07,1.8024217532051822e-06,100
1.3578933338945504e-06,2.582998189318269e-06,9.167962720295371e-07,1.7989903957595637e-06,101
1.3547038501168574e-06,0.0,9.139560393729995e-07,1.7954516608607153e-06,102
1.3513840154248e-06,0.0,9.109609876526882e-07,1.7918070431969118e-06,103
1.3479356395648994e-06,0.0,9.078132870167236e-07,1.788057992113075e-06,104
1.344360606882911e-06,0.0,9.045152964640457e-07,1.784205917301776e-06,105
1.3406608742366389e-06,2.26552393639315e-06,9.010695536280494e-07,1.7802521948452283e-06,106
1.3368384688494856e-06,4.956604923891331e-06,8.974787641633186e-07,1.7761981735356525e-06,107
1.3328954861069166e-06,0.0,8.937457908144211e-07,1.7720451813994123e-06,108
1.3288340872984262e-06,0.0,8.898736422426165e-07,1.7677945323542356e-06,109
1.3246564973113459e-06,0.0,8.858654616920619e-07,1.7634475329306298e-06,110
1.3203650022782215e-06,0.0,8.817245155650249e-07,1.759005488991418e-06,111
1.3159619471814922e-06,2.438506950964064e-06,8.774541819782442e-07,1.75446971238474e-06,112
1.311449733421712e-06,4.734209635536871e-06,8.730579393687407e-07,1.7498415274746833e-06,113
1.3068308163504744e-06,2.485404462295172e-06,8.68539355208043e-07,1.7451222774929059e-06,114
1.3021077027737241e-06,0.0,8.63902074887118e-07,1.7403133306603303e-06,115
1.2972829484297977e-06,0.0,8.591498108243723e-07,1.735416086035223e-06,116
1.2923591554441833e-06,4.849225457463807e-06,8.542863318435709e-07,1.7304319790447956e-06,117
1.2873389697677665e-06,2.3640829603992464e-06,8.493154528704472e-07,1.7253624866650857e-06,118
1.2822250786003963e-06,0.0,8.442410249830234e-07,1.7202091322177694e-06,119
1.2770202078048792e-06,2.438251286177553e-06,8.390669258520583e-07,1.7149734897577002e-06,120
1.2717271193162343e-06,0.0,8.337970506035558e-07,1.7096571880289129e-06,121
1.2663486085470998e-06,0.0,8.284353031220186e-07,1.704261913972181e-06,122
1.260887501798754e-06,0.0,8.229855878242251e-07,1.6987894157732828e-06,123
1.255346653674439e-06,7.20148062441638e-06,8.174518019095906e-07,1.6932415054392874e-06,124
1.2497289445063544e-06,0.0,8.118378281088162e-07,1.6876200609038924e-06,125
1.244037277795189e-06,4.631495092930949e-06,8.061475279327185e-07,1.6819270276576595e-06,126
1.2382745776667598e-06,7.026254771998033e-06,8.00384735427157e-07,1.6761644199063627e-06,127
1.2324437863518148e-06,0.0,7.945532514380418e-07,1.6703343212655878e-06,128
1.2265478616895764e-06,1.358698728937339e-05,7.886568383813011e-07,1.6644388849978517e-06,129
1.2205897746608881e-06,0.0,7.826992155148463e-07,1.6584803338069298e-06,130
1.2145725069537443e-06,0.0,7.766840547050399e-07,1.6524609592024487e-06,131
1.2084990485625301e-06,0.0,7.706149766766873e-07,1.646383120448373e-06,132
1.2023723954290563e-06,2.201658729686946e-06,7.644955477381058e-07,1.640249243120007e-06,133
1.196195547122831e-06,0.0,7.583292769627687e-07,1.634061817282893e-06,134
1.189971504567772e-06,4.676896598493104e-06,7.521196138172819e-07,1.6278233953182616e-06,135
1.183703267816073e-06,0.0,7.458699462146212e-07,1.6215365894175247e-06,136
1.1773938338737195e-06,0.0,7.395835989793705e-07,1.6152040687680685e-06,137
1.1710461945774011e-06,0.0,7.332638326999181e-07,1.6088285564548844e-06,138
1.1646633345294877e-06,2.124098320263048e-06,7.269138429548505e-07,1.6024128261041247e-06,139
1.1582482290891512e-06,0.0,7.205367598865738e-07,1.5959596982917285e-06,140
1.1518038424245961e-06,0.0,7.14135648105044e-07,1.5894720367441483e-06,141
1.1453331256277089e-06,0.0,7.077135068994137e-07,1.582952744356004e-06,142
1.138839014892635e-06,0.0,7.01273270734008e-07,1.576404759051262e-06,143
1.132324429760006e-06,0.0,6.948178100081703e-07,1.5698310495118417e-06,144
1.1257922714289827e-06,0.0,6.883499320583253e-07,1.56323461079964e-06,145
1.1192454211382217e-06,0.0,6.818723823787171e-07,1.5566184598977264e-06,146
1.1126867386158174e-06,0.0,6.753878460388362e-07,1.5499856311927985e-06,147
1.106119060601928e-06,0.0,6.688989492784977e-07,1.5433391719253583e-06,148
1.0995451994415195e-06,2.036257602876825e-06,6.624082612548442e-07,1.5366821376281947e-06,149
1.0929679417509115e-06,2.054392084838176e-06,6.559182959240708e-07,1.5300175875777522e-06,150
1.0863900471572134e-06,2.0828429973777007e-06,6.494315140352161e-07,1.5233485802792108e-06,151
1.0798142471097227e-06,0.0,6.429503252144947e-07,1.5166781690049508e-06,152
1.0732432437674119e-06,1.8408476735367104e-06,6.364770901252489e-07,1.510009397409575e-06,153
1.0666797089573335e-06,0.0,6.300141226786701e-07,1.503345295235997e-06,154
1.0601262832079286e-06,0.0,6.235636922813727e-07,1.4966888741344844e-06,155
1.0535855748543398e-06,0.0,6.1712802609935e-07,1.4900431236093294e-06,156
1.0470601592166978e-06,4.321885379277856e-06,6.107093113238438e-07,1.483411007109552e-06,157
1.0405525778489568e-06,0.0,6.0430969742065e-07,1.4767954582772638e-06,158
1.0340653378601437e-06,0.0,5.979312983503262e-07,1.4701993773699612e-06,159
1.0276009113035052e-06,0.0,5.915761947422555e-07,1.4636256278647547e-06,160
1.0211617346344298e-06,0.0,5.852464360111783e-07,1.457077033257681e-06,161
1.0147502082366445e-06,0.0,5.789440424039828e-07,1.4505563740693062e-06,162
1.0083686960120373e-06,0.0,5.726710069631692e-07,1.4440663850609053e-06,163
1.0020195250351276e-06,0.0,5.664292973991432e-07,1.4376097526711118e-06,164
9.95704985270365e-07,0.0,5.602208578617113e-07,1.4311891126790185e-06,165
9.894273293474008e-07,0.0,5.540476106000666e-07,1.4248070480947348e-06,166
9.831887723956261e-07,0.0,5.47911457507018e-07,1.4184660872842344e-06,167
9.769914919344328e-07,1.9197395297406047e-06,5.418142815408778e-07,1.4121687023279876e-06,168
9.708376278157604e-07,0.0,5.35757948017701e-07,1.4059173076138195e-06,169
9.647292822178583e-07,0.0,5.297443057720794e-07,1.3997142586636374e-06,170
9.5866851968786e-07,0.0,5.237751881839956e-07,1.393561851191724e-06,171
9.526573672287397e-07,0.0,5.178524140664906e-07,1.3874623203909889e-06,172
9.466978144297731e-07,3.942696844068311e-06,5.119777884173279e-07,1.381417840442218e-06,173
9.407918136366759e-07,0.0,5.061531030310127e-07,1.3754305242423393e-06,174
9.34941280158378e-07,2.011554368291466e-06,5.003801369748404e-07,1.3695024233419156e-06,175
9.291480925083881e-07,0.0,4.946606569288528e-07,1.3636355280879234e-06,176
9.234140926756323e-07,0.0,4.889964173925568e-07,1.357831767958708e-06,177
9.177410864248528e-07,0.0,4.833891607628507e-07,1.352093012086855e-06,178
9.121308436197627e-07,0.0,4.778406172858437e-07,1.3464210699536816e-06,179
9.065850985683262e-07,0.0,4.7235250488759926e-07,1.340817692249053e-06,180
9.011055503861556e-07,0.0,4.669265288896151e-07,1.3352845718826962e-06,181
8.956938633746858e-07,0.0,4.615643816144936e-07,1.329823345134878e-06,182
8.903516674098262e-07,0.0,4.5626774188640135e-07,1.324435592933251e-06,183
8.850805583410385e-07,0.0,4.51038274437052e-07,1.319122842245025e-06,184
8.798820983929569e-07,0.0,4.4587762921854074e-07,1.313886567567373e-06,185
8.747578165703926e-07,0.0,4.4078744063522706e-07,1.3087281925055582e-06,186
8.697092090614661e-07,0.0,4.3576932669858723e-07,1.3036490914243449e-06,187
8.647377396356427e-07,0.0,4.3082488811397504e-07,1.2986505911573105e-06,188
8.598448400348922e-07,0.0,4.259557073071102e-07,1.2937339727626742e-06,189
8.550319103528687e-07,2.0019338681166007e-06,4.211633473960923e-07,1.2889004733096452e-06,190
8.503003194012007e-07,2.1293449283262496e-06,4.164493511180345e-07,1.284151287684367e-06,191
8.45651405058443e-07,0.0,4.1181523971701226e-07,1.2794875703998737e-06,192
8.410864745992792e-07,0.0,4.0726251179984163e-07,1.274910437398717e-06,193
8.366068050019352e-07,0.0,4.027926421679436e-07,1.2704209678359267e-06,194
8.322136432294724e-07,0.0,3.984070806304299e-07,1.266020205828515e-06,195
8.279082064841856e-07,0.0,3.941072508055519e-07,1.2617091621628193e-06,196
8.236916824311363e-07,0.0,3.8989454891677636e-07,1.2574888159454963e-06,197
8.195652293902268e-07,0.0,3.857703425891174e-07,1.2533601161913364e-06,198
8.155299764921219e-07,2.027455806532057e-06,3.817359696496394e-07,1.2493239833346042e-06,199
8.115870237985518e-07,1.8775922508012623e-06,3.7779273693940504e-07,1.2453813106576984e-06,200
8.077374423832886e-07,1.7733263346053995e-06,3.7394191913936037e-07,1.241532965627217e-06,201
8.039822743727376e-07,1.7647733589813727e-06,3.7018475761567685e-07,1.2377797911297984e-06,202
8.003225329442494e-07,3.5380320757987998e-06,3.665224592872272e-07,1.2341226066012717e-06,203
7.967592022809859e-07,0.0,3.6295619551884884e-07,1.230562209043123e-06,204
7.932932374813318e-07,1.8675356932759376e-06,3.594871010433109e-07,1.2270993739193524e-06,205
7.899255644228084e-07,0.0,3.5611627291457304e-07,1.2237348559310437e-06,206
7.866570795786227e-07,0.0,3.5284476949419647e-07,1.2204693896630487e-06,207
7.834886497858697e-07,0.0,3.4967360947206316e-07,1.217303690099676e-06,208
7.804211119655801e-07,3.5519120830721203e-06,3.466037709231304e-07,1.2142384530080297e-06,209
7.774552727944767e-07,0.0,3.43636190402306e-07,1.2112743551866473e-06,210
7.745919083258193e-07,3.519819222084754e-06,3.4077176207498914e-07,1.2084120545766495e-06,211
7.718317635626537e-07,0.0,3.3801133688678597e-07,1.2056521902385215e-06,212
7.691755519810335e-07,1.994188933447933e-06,3.353557217705113e-07,1.2029953821915556e-06,213
7.666239550043546e-07,5.360751791831286e-06,3.328056788900603e-07,1.2004422311186487e-06,214
7.641776214299389e-07,1.7666190268402429e-06,3.303619249217722e-07,1.1979933179381057e-06,215
7.618371668072852e-07,0.0,3.2802513037134805e-07,1.1956492032432222e-06,216
7.59603172769852e-07,0.0,3.257959189251311e-07,1.1934104266145728e-06,217
7.574761863215063e-07,0.0,3.2367486683626934e-07,1.1912775058067434e-06,218
7.554567190779492e-07,5.423375834521956e-06,3.2166250234178135e-07,1.189250935814117e-06,219
7.535452464656584e-07,1.8587153303123013e-06,3.1975930511117373e-07,1.187331187820143e-06,220
7.517422068793126e-07,1.7405077060978688e-06,3.179657057238223e-07,1.185518708034803e-06,221
7.500480008000108e-07,1.6945935686784882e-06,3.162820851739484e-07,1.1838139164260733e-06,222
7.484629898752212e-07,3.4259598683061025e-06,3.1470877440019204e-07,1.1822172053502502e-06,223
7.469874959646641e-07,3.217218553699399e-06,3.132460538400755e-07,1.1807289380892526e-06,224
7.456218001522119e-07,3.3744680994658216e-06,3.118941530055639e-07,1.1793494472988599e-06,225
7.443661417277722e-07,0.0,3.10653250078228e-07,1.1780790333773164e-06,226
7.432207171415499e-07,1.9623079881633584e-06,3.0952347152310185e-07,1.176917962759998e-06,227
7.421856789328397e-07,0.0,3.0850489171776894e-07,1.1758664661479105e-06,228
7.412611346376416e-07,0.0,3.0759753259692156e-07,1.1749247366783617e-06,229
7.404471456766398e-07,0.0,3.0680136330790435e-07,1.1740929280453752e-06,230
7.397437262283705e-07,0.0,3.0611629987900824e-07,1.1733711525777326e-06,231
7.391508420896241e-07,0.0,3.055422048953466e-07,1.1727594792839016e-06,232
7.386684095274294e-07,3.56723706787382e-06,3.050788871840588e-07,1.1722579318708002e-06,233
7.382962941262785e-07,0.0,3.0472610150513566e-07,1.1718664867474216e-06,234
7.380343096333609e-07,3.5055922961103705e-06,3.0448354824793066e-07,1.1715850710187909e-06,235
7.378822168068808e-07,0.0,3.0435087313219907e-07,1.1714135604815623e-06,236
7.378397222707083e-07,0.0,3.043276669119954e-07,1.171351777629421e-06,237
7.379064773790979e-07,0.0,3.044134650829332e-07,1.1713994896752626e-06,238
7.380820770964932e-07,0.0,3.0460774759117527e-07,1.1715564066018112e-06,239
7.38366058895043e-07,5.126653986742473e-06,3.049099385439289e-07,1.1718221792461571e-06,240
7.387579016756676e-07,0.0,3.0531940592220955e-07,1.1721963974291259e-06,241
7.392570247157458e-07,0.0,3.0583546129486846e-07,1.172678588136623e-06,242
7.398627866476233e-07,0.0,3.064573595338709e-07,1.1732682137613757e-06,243
7.405744844732423e-07,0.0,3.071842985328586e-07,1.1739646704136262e-06,244
7.413913526176552e-07,1.6456516945275498e-06,3.0801541892756665e-07,1.1747672863077439e-06,245
7.423125620270827e-07,1.6157516395839763e-06,3.089498038205142e-07,1.1756753202336514e-06,246
7.433372193144165e-07,0.0,3.0998647850983434e-07,1.1766879601189986e-06,247
7.444643659576946e-07,1.747219300483281e-06,3.111244102247122e-07,1.1778043216906769e-06,248
7.456929775544582e-07,0.0,3.123625078675453e-07,1.1790234472413712e-06,249
7.470219631372316e-07,0.0,3.1369962176559143e-07,1.1803443045088717e-06,250
7.484501645528942e-07,0.0,3.1513454343317086e-07,1.1817657856726174e-06,251
7.499763559115545e-07,0.0,3.1666600534754874e-07,1.1832867064755603e-06,252
7.515992431067438e-07,0.0,3.1829268073862306e-07,1.1849058054748645e-06,253
7.533174634133269e-07,0.0,3.2001318339855915e-07,1.1866217434280945e-06,254
7.551295851638506e-07,0.0,3.218260675091538e-07,1.1884331028185474e-06,255
7.570341075095029e-07,1.59041931405215e-06,3.237298274947351e-07,1.1903383875242707e-06,256
7.590294602677932e-07,0.0,3.257228978997173e-07,1.192336022635869e-06,257
7.611140038601461e-07,0.0,3.278036532961147e-07,1.1944243544241774e-06,258
7.63286029343506e-07,0.0,3.299704082238018e-07,1.19660165046321e-06,259
7.655437585381559e-07,0.0,3.3222141716651566e-07,1.198866099909796e-06,260
7.678853442546297e-07,0.0,3.3455487456768475e-07,1.2012158139415749e-06,261
7.703088706233406e-07,0.0,3.3696891489037103e-07,1.2036488263563102e-06,262
7.72812353527746e-07,0.0,3.3946161272313815e-07,1.2061630943323536e-06,263
7.753937411451186e-07,0.0,3.420309829385501e-07,1.2087564993516873e-06,264
7.780509145957071e-07,0.0,3.446749809056121e-07,1.211426848285802e-06,265
7.807816887028957e-07,0.0,3.473915027625249e-07,1.2141718746432667e-06,266
7.835838128657729e-07,1.976905786600928e-06,3.501783857520396e-07,1.216989239979506e-06,267
7.864549720454283e-07,0.0,3.53033408624551e-07,1.2198765354663057e-06,268
7.893927878666215e-07,0.0,3.559542921131762e-07,1.222831283620067e-06,269
7.923948198354785e-07,0.0,3.5893869948433884e-07,1.2258509401866182e-06,270
7.95458566673979e-07,0.0,3.6198423716862905e-07,1.2289328961793288e-06,271
7.985814677718659e-07,0.0,3.650884554756884e-07,1.2320744800680436e-06,272
8.017609047562852e-07,0.0,3.682488493975595e-07,1.2352729601150108e-06,273
8.049942031789095e-07,1.940907141179645e-06,3.7146285950420225e-07,1.238525546853617e-06,274
8.082786343205171e-07,0.0,3.747278729351126e-07,1.2418293957059218e-06,275
8.11611417112424e-07,0.0,3.780412244912747e-07,1.2451816097335734e-06,276
8.149897201741356e-07,0.0,3.8140019783077133e-07,1.2485792425175e-06,277
8.184106639659605e-07,1.9074832475283786e-06,3.8480202677173425e-07,1.252019301160187e-06,278
8.218713230553095e-07,0.0,3.882438967059218e-07,1.2554987494046974e-06,279
8.253687284954274e-07,1.8489483181966096e-06,3.9172294612672387e-07,1.259014510864131e-06,280
8.288998703145047e-07,0.0,3.9523626827378466e-07,1.262563472355225e-06,281
8.324617001126488e-07,0.0,3.987809128976164e-07,1.2661424873276812e-06,282
8.360511337655146e-07,2.03829965043161e-06,4.0235388814706024e-07,1.2697483793839693e-06,283
8.396650542306719e-07,0.0,4.0595216258113407e-07,1.2733779458802096e-06,284
8.433003144546335e-07,0.0,4.095726673080303e-07,1.2770279616012368e-06,285
8.46953740377427e-07,0.0,4.1321229825285755e-07,1.2806951825019964e-06,286
8.506221340307532e-07,1.7893601069321603e-06,4.1686791855571774e-07,1.2843763495057886e-06,287
8.543022767267516e-07,1.7433630169943025e-06,4.20536361100702e-07,1.2880681923528011e-06,288
8.579909323330112e-07,0.0,4.242144311775338e-07,1.2917674334884888e-06,289
8.61684850630338e-07,0.0,4.278989092758278e-07,1.2954707919848481e-06,290
8.653807707480633e-07,0.0,4.315865540118571e-07,1.2991749874842695e-06,291
8.690754246731955e-07,0.0,4.3527410518792646e-07,1.3028767441584646e-06,292
8.727655408280926e-07,0.0,4.389582869833653e-07,1.30657279467282e-06,293
8.764478477119001e-07,0.0,4.4263581127596296e-07,1.3102598841478373e-06,294
8.80119077600686e-07,1.7875561069173056e-06,4.4630338109253856e-07,1.3139347741088335e-06,295
8.837759703003696e-07,0.0,4.4995769418607534e-07,1.317594246414664e-06,296
8.874152769476232e-07,1.989590462699158e-06,4.535954467371138e-07,1.3212351071581325e-06,297
8.910337638523779e-07,0.0,4.5721333717654224e-07,1.3248541905282138e-06,298
8.946282163766226e-07,0.0,4.60808070125786e-07,1.328448362627459e-06,299
8.981954428425857e-07,0.0,4.643763604504087e-07,1.3320145252347628e-06,300
9.017322784651517e-07,3.5257076976776165e-06,4.679149374226765e-07,1.335549619507627e-06,301
9.052355893015305e-07,0.0,4.714205489877495e-07,1.3390506296153112e-06,302
9.087022762116597e-07,0.0,4.74889966127272e-07,1.3425145862960476e-06,303
9.121292788232552e-07,0.0,4.783199873149814e-07,1.3459385703315292e-06,304
9.155135794946266e-07,0.0,4.817074430565674e-07,1.3493197159326858e-06,305
9.188522072683033e-07,3.601708650583837e-06,4.850492005061917e-07,1.3526552140304146e-06,306
9.221422418090843e-07,0.0,4.883421681520878e-07,1.355942315466081e-06,307
9.253808173193845e-07,0.0,4.915833005623877e-07,1.3591783340763814e-06,308
9.285651264250501e-07,0.0,4.947696031811154e-07,1.3623606496689847e-06,309
9.316924240247819e-07,3.553767615581849e-06,4.978981371656224e-07,1.3654867108839413e-06,310
9.347600310959671e-07,0.0,5.009660242535357e-07,1.3685540379383985e-06,311
9.377653384505133e-07,0.0,5.039704516494487e-07,1.3715602252515778e-06,312
9.407058104328087e-07,0.0,5.069086769184551e-07,1.3745029439471623e-06,313
9.435789885544422e-07,4.949082192707363e-06,5.097780328757893e-07,1.3773799442330952e-06,314
9.463824950565667e-07,0.0,5.125759324574794e-07,1.380189057655654e-06,315
9.491140363957136e-07,3.249448812245223e-06,5.152998735617602e-07,1.3829281992296669e-06,316
9.517714066438224e-07,4.695092845461019e-06,5.179474438443848e-07,1.38559536944326e-06,317
9.54352490797843e-07,0.0,5.205163254564506e-07,1.3881886561392353e-06,318
9.56855267991001e-07,0.0,5.230042997078411e-07,1.3907062362741607e-06,319
9.592778145995588e-07,0.0,5.254092516427632e-07,1.3931463775563544e-06,320
9.616183072395035e-07,0.0,5.277291745117087e-07,1.3955074399672985e-06,321
9.63875025645767e-07,1.5668995601712934e-06,5.299621741240865e-07,1.3977878771674476e-06,322
9.66046355428694e-07,0.0,5.321064730658089e-07,1.3999862377915795e-06,323
9.68130790701738e-07,1.6874105672399365e-06,5.341604147665724e-07,1.4021011666369034e-06,324
9.701269365745688e-07,0.0,5.361224674001848e-07,1.4041314057489532e-06,325
9.720335115058604e-07,0.0,5.379912276018354e-07,1.4060757954098853e-06,326
9.738493495109594e-07,1.6566604376234212e-06,5.397654239875024e-07,1.4079332750344162e-06,327
9.7557340221878e-07,3.067635221360558e-06,5.414439204585687e-07,1.4097028839789916e-06,328
9.772047407733794e-07,4.640873721826029e-06,5.430257192768388e-07,1.4113837622699199e-06,329
9.78742557575179e-07,0.0,5.445099638944391e-07,1.4129751512559185e-06,330
9.801861678580171e-07,1.6136710208889713e-06,5.458959415240596e-07,1.4144763941919744e-06,331
9.81535011097074e-07,3.523397118565837e-06,5.471830854350657e-07,1.4158869367590827e-06,332
9.827886522445745e-07,0.0,5.483709769614542e-07,1.4172063275276947e-06,333
9.839467827887817e-07,1.6037746440021232e-06,5.49459347209272e-07,1.4184342183682913e-06,334
9.850092216339933e-07,1.564108098638913e-06,5.504480784504302e-07,1.4195703648175564e-06,335
9.859759157973618e-07,6.2752086899089936e-06,5.513372051916539e-07,1.42061462640307e-06,336
9.868469409205408e-07,0.0,5.521269149080318e-07,1.4215669669330497e-06,337
9.876225015935857e-07,1.749891506726583e-06,5.528175484313429e-07,1.4224274547558282e-06,338
9.883029314885335e-07,0.0,5.53409599984618e-07,1.4231962629924488e-06,339
9.888886933016277e-07,1.9597237573391653e-06,5.539037168558487e-07,1.4238736697474065e-06,340
9.89380378501733e-07,0.0,5.543006987036482e-07,1.424460058299818e-06,341
9.897787068846263e-07,0.0,5.546014964910584e-07,1.424955917278194e-06,342
9.900845259319918e-07,0.0,5.548072110433707e-07,1.4253618408206125e-06,343
9.90298809974184e-07,0.0,5.549190912267926e-07,1.4256785287215753e-06,344
9.904226591575392e-07,0.0,5.549385317488346e-07,1.4259067865662439e-06,345
9.904572982154276e-07,2.339011674007265e-06,5.548670705793921e-07,1.4260475258514628e-06,346
9.904040750444768e-07,2.385957210243392e-06,5.547063859955578e-07,1.4261017640933956e-06,347
9.902644590860154e-07,4.683347188235432e-06,5.544582932533473e-07,1.4260706249186834e-06,348
9.900400395144312e-07,0.0,5.541247408911798e-07,1.4259553381376824e-06,349
9.89732523233873e-07,0.0,5.537078066726107e-07,1.4257572397951354e-06,350
9.893437326852683e-07,0.0,5.532096931754062e-07,1.4254777721951303e-06,351
9.888756034658549e-07,4.192379930238798e-06,5.526327230375672e-07,1.4251184838941427e-06,352
9.883301817633675e-07,0.0,5.519793338705264e-07,1.4246810296562087e-06,353
9.877096216087312e-07,0.0,5.51252072853716e-07,1.4241671703637464e-06,354
9.8701618194975e-07,0.0,5.504535910232069e-07,1.423578772876293e-06,355
9.862522235490895e-07,0.0,5.495866372704514e-07,1.4229178098277277e-06,356
9.854202057118313e-07,0.0,5.48654052069662e-07,1.4221863593540008e-06,357
9.845226828450458e-07,0.0,5.476587609498178e-07,1.421386604740274e-06,358
9.83562300855096e-07,0.0,5.46603767733086e-07,1.4205208339771062e-06,359
9.825417933869854e-07,0.0,5.454921475601892e-07,1.4195914392137815e-06,360
9.814639779112689e-07,2.0044378253453147e-06,5.443270397245871e-07,1.4186009160979507e-06,361
9.803317516631913e-07,0.0,5.431116403397165e-07,1.417551862986666e-06,362
9.791480874403895e-07,7.415042154514648e-06,5.418491948634021e-07,1.4164469800173767e-06,363
9.77916029265289e-07,0.0,5.405429905057716e-07,1.4152890680248064e-06,364
9.766386879169862e-07,1.938465355747162e-06,5.391963485463668e-07,1.4140810272876054e-06,365
9.753192363412538e-07,0.0,5.378126165894434e-07,1.4128258560930642e-06,366
9.73960904943393e-07,0.0,5.363951607847217e-07,1.4115266491020645e-06,367
9.725669767719368e-07,0.0,5.349473580436797e-07,1.4101865955001937e-06,368
9.711407825998914e-07,1.7064496972758236e-06,5.3347258828039e-07,1.408808976919393e-06,369
9.696856959111757e-07,1.939345044391608e-06,5.319742267085603e-07,1.4073971651137913e-06,370
9.682051277995751e-07,0.0,5.304556362249696e-07,1.4059546193741806e-06,371
9.66702521787674e-07,0.0,5.289201599102228e-07,1.4044848836651256e-06,372
9.65181348574397e-07,0.0,5.273711136800354e-07,1.4029915834687584e-06,373
9.636451007180992e-07,0.0,5.258117791166413e-07,1.401478422319557e-06,374
9.620972872646125e-07,2.115627505696327e-06,5.242453965140592e-07,1.3999491780151657e-06,375
9.605414283271579e-07,3.334644960351072e-06,5.226751581670956e-07,1.3984076984872201e-06,376
9.58981049627732e-07,0.0,5.211042019367623e-07,1.3968578973187016e-06,377
9.574196770078334e-07,1.8366181248496268e-06,5.195356051220159e-07,1.395303748893651e-06,378
9.558608309169388e-07,0.0,5.17972378668228e-07,1.3937492831656494e-06,379
9.543080208878788e-07,5.568455811518908e-06,5.1641746174178e-07,1.3921985800339776e-06,380
9.527647400074202e-07,2.012935121088112e-06,5.148737166991576e-07,1.3906557633156826e-06,381
9.512344593907336e-07,0.0,5.133439244769481e-07,1.3891249943045191e-06,382
9.497206226689174e-07,1.8004198579108648e-06,5.118307804292639e-07,1.387610464908571e-06,383
9.482266404975314e-07,0.0,5.103368906350736e-07,1.3861163903599893e-06,384
9.467558850955268e-07,1.704750799528125e-06,5.088647686980078e-07,1.384647001493046e-06,385
9.45311684823395e-07,0.0,5.074168330585404e-07,1.3832065365882495e-06,386
9.438973188079903e-07,3.118106062377712e-06,5.059954048334172e-07,1.3817992327825634e-06,387
9.425160116243957e-07,0.0,5.046027061993272e-07,1.380429317049464e-06,388
9.411709280414355e-07,0.0,5.032408593287377e-07,1.3791009967541332e-06,389
9.398651678414607e-07,0.0,5.019118858886652e-07,1.3778184497942563e-06,390
9.386017607201969e-07,1.7167146202283915e-06,5.006177071027669e-07,1.376585814337627e-06,391
9.373836612769533e-07,0.0,4.993601443796783e-07,1.3754071781742283e-06,392
9.36213744102427e-07,0.0,4.981409205018464e-07,1.3742865677030075e-06,393
9.350947989719682e-07,0.0,4.969616613665302e-07,1.3732279365774064e-06,394
9.340295261520345e-07,0.0,4.958238982654159e-07,1.3722351540386533e-06,395
9.330205318280821e-07,0.0,4.947290706855937e-07,1.3713119929705706e-06,396
9.320703236603013e-07,0.0,4.93678529607273e-07,1.3704621177133298e-06,397
9.311813064753614e-07,1.6484866068705626e-06,4.926735412721516e-07,1.3696890716785715e-06,398
9.303557781004639e-07,0.0,4.917152913872295e-07,1.3689962648136985e-06,399
9.295959253469591e-07,0.0,4.908048897276751e-07,1.3683869609662431e-06,400
9.289038201498656e-07,0.0,4.899433750940813e-07,1.36786426520565e-06,401
9.28281415869295e-07,0.0,4.891317205767867e-07,1.3674311111618031e-06,402
9.277305437606102e-07,0.0,4.88370839074437e-07,1.3670902484467834e-06,403
9.27252909618208e-07,0.0,4.876615890095428e-07,1.3668442302268732e-06,404
9.268500905991159e-07,0.0,4.870047801802635e-07,1.3666954010179682e-06,405
9.26523532231071e-07,0.0,4.864011796829393e-07,1.3666458847792025e-06,406
9.262745456103052e-07,1.578379982353712e-06,4.858515178381618e-07,1.3666975733824483e-06,407
9.261043047937032e-07,0.0,4.853564940498956e-07,1.3668521155375108e-06,408
9.260138443894711e-07,0.0,4.849167825244578e-07,1.3671109062544845e-06,409
9.260040573500453e-07,0.0,4.845330377757827e-07,1.3674750769243076e-06,410
9.26075692971464e-07,0.0,4.842058998419553e-07,1.3679454861009726e-06,411
9.262293551024655e-07,0.0,4.839359991392089e-07,1.368522711065722e-06,412
9.264655005651626e-07,1.7128097616453937e-06,4.837239608765964e-07,1.3692070402537288e-06,413
9.267844377920819e-07,1.7237515729233106e-06,4.835704089616023e-07,1.3699984666225618e-06,414
9.271863256795285e-07,0.0,4.83475969322326e-07,1.370896682036731e-06,415
9.276711726611645e-07,1.960553660353684e-06,4.834412725800609e-07,1.3719010727422683e-06,416
9.282388360020023e-07,0.0,4.834669560050766e-07,1.373010715998928e-06,417
9.288890213146803e-07,0.0,4.835536646936819e-07,1.3742243779356787e-06,418
9.296212822995214e-07,1.7027942854223782e-06,4.837020519098096e-07,1.3755405126892335e-06,419
9.304350207072357e-07,0.0,4.83912778535075e-07,1.3769572628793963e-06,420
9.313294865263032e-07,0.0,4.841865115799078e-07,1.3784724614726983e-06,421
9.323037783934358e-07,0.0,4.845239217097355e-07,1.380083635077136e-06,422
9.333568442278131e-07,1.870340514194014e-06,4.849256797474082e-07,1.381788008708218e-06,423
9.344874820867877e-07,1.8305128181660087e-06,4.853924521149491e-07,1.3835825120586262e-06,424
9.356943412432914e-07,1.739859662919589e-06,4.859248951854278e-07,1.3854637873011549e-06,425
9.369759234823609e-07,0.0,4.865236485162814e-07,1.3874281984484405e-06,426
9.383305846151469e-07,0.0,4.871893269425081e-07,1.3894718422877857e-06,427
9.397565362084168e-07,3.577670328412248e-06,4.879225115087812e-07,1.3915905609080524e-06,428
9.412518475263282e-07,0.0,4.887237392242135e-07,1.3937799558284428e-06,429
9.428144476823122e-07,0.0,4.895934916244884e-07,1.396035403740136e-06,430
9.444421279971115e-07,0.0,4.905321821283826e-07,1.3983520738658404e-06,431
9.461325445598585e-07,3.977131493910018e-06,4.915401421760312e-07,1.4007249469436858e-06,432
9.478832209879809e-07,0.0,4.926176061370381e-07,1.4031488358389238e-06,433
9.496915513821558e-07,0.0,4.937646949763778e-07,1.4056184077879339e-06,434
9.515548034712203e-07,3.883374497103003e-06,4.949813986638547e-07,1.408128208278586e-06,435
9.53470121942868e-07,1.9819916241033964e-06,4.96267557313194e-07,1.410672686572542e-06,436
9.55434531954702e-07,0.0,4.976228410336047e-07,1.4132462228757995e-06,437
9.574449428205353e-07,0.0,4.990467284747572e-07,1.4158431571663135e-06,438
9.594981518657158e-07,3.437902879243661e-06,5.005384840434561e-07,1.4184578196879754e-06,439
9.615908484472303e-07,1.877846110511244e-06,5.020971337691799e-07,1.4210845631252809e-06,440
9.637196181300642e-07,1.8479847726054735e-06,5.03721439790391e-07,1.4237177964697376e-06,441
9.658809470159896e-07,0.0,5.054098734348625e-07,1.4263520205971168e-06,442
9.680712262164562e-07,1.8921046258173887e-06,5.071605868636373e-07,1.4289818655692751e-06,443
9.70286756463885e-07,0.0,5.089713832494328e-07,1.4316021296783374e-06,444
9.725237528538907e-07,2.00546690277697e-06,5.108396854601422e-07,1.4342078202476391e-06,445
9.747783497115262e-07,0.0,5.127625032218268e-07,1.4367941962012257e-06,446
9.77046605574129e-07,1.8840907378099332e-06,5.14736398740643e-07,1.4393568124076147e-06,447
9.79324508283744e-07,1.935265373264309e-06,5.167574507707606e-07,1.4418915657967274e-06,448
9.816079801811302e-07,2.077140857152946e-06,5.188212171268427e-07,1.4443947432354173e-06,449
9.83892883393296e-07,0.0,5.209226956547878e-07,1.4468630711318043e-06,450
9.861750252077582e-07,7.529364521634374e-06,5.230562836962341e-07,1.4492937667192823e-06,451
9.88450163524554e-07,0.0,5.252157361065489e-07,1.451684590942559e-06,452
9.90714012378763e-07,2.7508954164580573e-06,5.273941219214689e-07,1.4540339028360572e-06,453
9.929622475246637e-07,2.8946073465134455e-06,5.29583779804986e-07,1.4563407152443412e-06,454
9.951905120739787e-07,0.0,5.317762724644711e-07,1.458604751683486e-06,455
9.973944221796875e-07,3.0719418051344446e-06,5.33962340274556e-07,1.460826504084819e-06,456
9.995695727570464e-07,0.0,5.361318544234954e-07,1.4630072910905975e-06,457
1.0017115432339206e-06,0.0,5.382737699765949e-07,1.465149316491246e-06,458
1.003815903321445e-06,0.0,5.403760793444114e-07,1.4672557272984785e-06,459
1.0058782187975948e-06,0.0,5.42425766750809e-07,1.4693306708443804e-06,460
1.007894057294306e-06,0.0,5.444087644122558e-07,1.4713793501763563e-06,461
1.0098589940811813e-06,3.059835074889464e-06,5.463099112720439e-07,1.473408076890319e-06,462
1.011768617836031e-06,0.0,5.481129152689586e-07,1.4754243204031036e-06,463
1.0136185363953999e-06,0.0,5.49800320268251e-07,1.4774367525225485e-06,464
1.0154043824765188e-06,0.0,5.513534789282375e-07,1.4794552860248e-06,465
1.0171218193621206e-06,0.0,5.527525329200021e-07,1.481491105804239e-06,466
1.018766546541242e-06,0.0,5.539764020485538e-07,1.4835566910339304e-06,467
1.0203343052972133e-06,2.2894663940675345e-06,5.550027839353854e-07,1.4856658266590411e-06,468
1.021820884235645e-06,0.0,5.558081659957458e-07,1.4878336024755443e-06,469
1.0232221247448228e-06,0.0,5.563678514766722e-07,1.4900763980129732e-06,470
1.0245339263807326e-06,0.0,5.566560012869373e-07,1.492411851474528e-06,471
1.0257522521697242e-06,0.0,5.566456932432197e-07,1.4948588110962287e-06,472
1.02687313382181e-06,0.0,5.563090001564792e-07,1.4974372674871405e-06,473
1.027892676846992e-06,0.0,5.556170878780869e-07,1.5001682658158969e-06,474
1.0288070655686629e-06,0.0,5.545403340133643e-07,1.5030737971239613e-06,475
1.0296125680267213e-06,2.69917917961148e-06,5.530484674806267e-07,1.5061766685728157e-06,476
1.0303055407646866e-06,2.8988532136686727e-06,5.511107284607798e-07,1.5095003530685932e-06,477
1.0308824334939778e-06,0.0,5.486960475563875e-07,1.5130688194315684e-06,478
1.0313397936299632e-06,0.0,5.457732421902518e-07,1.5169063450696747e-06,479
1.0316742706935646e-06,0.0,5.423112274571811e-07,1.521037313929948e-06,480
1.0318826205732199e-06,0.0,5.382792378500762e-07,1.5254860032963635e-06,481
1.0319617096417561e-06,2.811674070741719e-06,5.336470555610788e-07,1.5302763637224332e-06,482
1.0319085187231995e-06,0.0,5.283852404741375e-07,1.5354317969722614e-06,483
1.0317201469045577e-06,2.7780478657647266e-06,5.224653565654104e-07,1.540974937243705e-06,484
1.0313938151884922e-06,0.0,5.158601892605748e-07,1.5469274411164097e-06,485
1.0309268699820732e-06,0.0,5.085439483929153e-07,1.5533097915712308e-06,486
1.030316786417903e-06,0.0,5.004924517714295e-07,1.5601411210643765e-06,487
1.0295611715039695e-06,2.8820104905181854e-06,4.916832849971872e-07,1.5674390580107518e-06,488
1.0286577670983736e-06,0.0,4.820959340184203e-07,1.575219600178327e-06,489
1.0276044527063422e-06,2.7051519619114605e-06,4.717118879419229e-07,1.5834970174707617e-06,490
1.0263992480960002e-06,6.926071116898228e-06,4.6051471074755705e-07,1.5922837854444432e-06,491
1.0250403157305983e-06,3.0941072726991447e-06,4.4849008171173287e-07,1.6015905497494634e-06,492
1.0235259630151052e-06,0.0,4.356258054559208e-07,1.6114261205742896e-06,493
1.0218546443545472e-06,2.9440165807013824e-06,4.219117935318475e-07,1.6217974951772467e-06,494
1.0200249630226607e-06,0.0,4.073400202834983e-07,1.6327099057618228e-06,495
1.0180356728395194e-06,0.0,3.919044563491385e-07,1.6441668893299e-06,496
1.0158856796566474e-06,5.301074527806786e-06,3.75600983571284e-07,1.6561703757420107e-06,497
1.0135740426487379e-06,0.0,3.584272952684456e-07,1.6687207900290302e-06,498
1.0110999754116194e-06,0.0,3.403827858112461e-07,1.6818171650119928e-06,499
1.0084628468658897e-06,0.0,3.2146843326218726e-07,1.6954572604695922e-06,500
1.0056621819662544e-06,0.0,3.0168667852480543e-07,1.7096376854077036e-06,501
1.0026976622166756e-06,5.134142303022213e-06,2.8104130403899724e-07,1.7243540203943538e-06,502
9.99569125991915e-07,0.0,2.5953731459631676e-07,1.7396009373875133e-06,503
9.962765686665074e-07,0.0,2.3718082236472842e-07,1.7553723149682865e-06,504
9.928201425515142e-07,0.0,2.1397893773477548e-07,1.771661347368253e-06,505
9.892001566410027e-07,0.0,1.8993966715165982e-07,1.7884606461303457e-06,506
9.854170761697268e-07,0.0,1.6507181869382423e-07,1.805762333645629e-06,507
9.814715219834031e-07,0.0,1.3938491580794937e-07,1.823558128158857e-06,508
9.77364269724023e-07,0.0,1.1288911931768064e-07,1.8418394201303653e-06,509
9.730962488325355e-07,0.0,8.559515758694472e-08,1.8605973400781266e-06,510
1.8712697829656384e-06,1.2857899636378598e-06,8.619894454534338e-07,2.880550120477843e-06,511
1.8576627969389489e-06,0.0,8.823502656389765e-07,2.8329753282389214e-06,512
1.8443440905121666e-06,4.916783440273373e-06,9.017479437470384e-07,2.786940237277295e-06,513
1.8313265405027031e-06,2.8108521379341363e-06,9.201665536170448e-07,2.7424865273883616e-06,514
1.8186223592901606e-06,2.6054490361141293e-06,9.375913254336356e-07,2.6996533931466858e-06,515
1.8062430695956844e-06,2.483959829401639e-06,9.540090043344935e-07,2.6584771348568754e-06,516
1.7941994807222827e-06,2.4656595269385632e-06,9.694082628615391e-07,2.6189906985830265e-06,517
1.7825016663292758e-06,2.4313389870069245e-06,9.837801648358852e-07,2.5812231678226666e-06,518
1.771158943809752e-06,0.0,9.971186745278092e-07,2.5451992130916945e-06,519
1.7601798553336912e-06,2.577233237030718e-06,1.0094212005177561e-06,2.5109385101496264e-06,520
1.74957215062183e-06,0.0,1.0206891586053055e-06,2.4784551426383543e-06,521
1.7393427715035548e-06,0.0,1.0309285328425383e-06,2.447757010164571e-06,522
1.7294978383157166e-06,7.1867476373567144e-06,1.040150408788015e-06,2.4188452678434183e-06,523
1.7200426381875078e-06,4.926569481872688e-06,1.048371449018698e-06,2.3917138273563177e-06,524
1.71098161525973e-06,0.0,1.0556142785661746e-06,2.3663489519532855e-06,525
1.702318362873333e-06,4.983628779459476e-06,1.0619077479318497e-06,2.3427289778148165e-06,526
1.6940556177661837e-06,2.729458775619382e-06,1.0672870442584316e-06,2.3208241912739356e-06,527
1.6861952563051485e-06,0.0,1.0717936272886916e-06,2.3005968853216054e-06,528
1.6787382927773534e-06,0.0,1.0754749757479513e-06,2.2820016098067554e-06,529
1.671684879763377e-06,2.395978589535324e-06,1.0783841410673744e-06,2.264985618459379e-06,530
1.665034310600442e-06,2.274458963074159e-06,1.0805791178002749e-06,2.249489503400609e-06,531
1.65878502394906e-06,0.0,1.0821220523403655e-06,2.2354479955577546e-06,532
1.6529346104625182e-06,0.0,1.0830783221673908e-06,2.2227908987576455e-06,533
1.6474798215565384e-06,0.0,1.0835155256493096e-06,2.2114441174637674e-06,534
1.6424165802721508e-06,3.353229159680773e-06,1.0835024266094264e-06,2.201330733934875e-06,535
1.6377399942141107e-06,0.0,1.0831078981715933e-06,2.1923720902566283e-06,536
1.633444370547588e-06,3.049589372790954e-06,1.0823999071306978e-06,2.1844888339644788e-06,537
1.6295232330247873e-06,0.0,1.0814445739595282e-06,2.177601892090046e-06,538
1.6259693410113134e-06,0.0,1.080305335582111e-06,2.171633346440516e-06,539
1.6227747104739815e-06,0.0,1.0790422292475724e-06,2.1665071917003906e-06,540
1.619930636886318e-06,3.001722988995684e-06,1.0777113072041029e-06,2.1621499665685334e-06,541
1.6174277200043137e-06,0.0,1.0763641841458392e-06,2.1584912558627877e-06,542
1.6152558904583764e-06,0.0,1.0750477130431524e-06,2.1554640678736003e-06,543
1.6134044380992323e-06,0.0,1.0738037802052646e-06,2.1530050959932003e-06,544
1.6118620420366519e-06,0.0,1.0726692072520966e-06,2.151054876821207e-06,545
1.610616802298201e-06,0.0,1.0716757459217428e-06,2.1495578586746587e-06,546
1.6096562730347103e-06,0.0,1.0708501510828135e-06,2.148462394986607e-06,547
1.6089674971916218e-06,0.0,1.0702143176568905e-06,2.147720676726353e-06,548
1.6085370425627306e-06,0.0,1.0697854681256854e-06,2.147288616999776e-06,549
1.6083510391371902e-06,3.4105016165777664e-06,1.069576378647087e-06,2.1471256996272934e-06,550
1.608395217647006e-06,0.0,1.0695956333481924e-06,2.1471948019458195e-06,551
1.608654949218138e-06,0.0,1.06984789794435e-06,2.147462000491926e-06,552
1.6091152860243905e-06,0.0,1.0703342053594533e-06,2.1478963666893277e-06,553
1.6097610028413055e-06,0.0,1.071052247413527e-06,2.148469758269084e-06,554
1.610576639390292e-06,3.1469598794084973e-06,1.071996667879757e-06,2.1491566109008268e-06,555
1.6115465433667175e-06,3.2855612724321694e-06,1.0731593532743838e-06,2.1499337334590514e-06,556
1.6126549140357217e-06,0.0,1.0745297186204125e-06,2.1507801094510306e-06,557
1.6138858462831051e-06,1.0203665156524224e-05,1.0760949861527685e-06,2.151676706413442e-06,558
1.615223375003606e-06,3.0787987758696068e-06,1.0778404555039492e-06,2.152606294503263e-06,559
1.616651519708503e-06,9.0511116273597e-06,1.079749764362065e-06,2.153553275054941e-06,560
1.618154329231528e-06,0.0,1.0818051389251452e-06,2.154503519537911e-06,561
1.61971592641442e-06,0.0,1.083987633735668e-06,2.155444219093172e-06,562
1.6213205526483921e-06,2.760166382829557e-06,1.0862773606506887e-06,2.1563637446460956e-06,563
1.6229526121512606e-06,0.0,1.0886537068283127e-06,2.1572515174742083e-06,564
1.6245967158585006e-06,0.0,1.091095541688786e-06,2.1580978900282154e-06,565
1.6262377248052175e-06,0.0,1.0935814128507054e-06,2.15889403675973e-06,566
1.6278607928821088e-06,2.8258486023352815e-06,1.0960897310696256e-06,2.1596318546945918e-06,567
1.6294514088415426e-06,0.0,1.0985989442049133e-06,2.160303873478172e-06,568
1.6309954374401073e-06,2.621280075912271e-06,1.1010877002452971e-06,2.1609031746349175e-06,569
1.6324791595981638e-06,5.927489026735939e-06,1.1035349994089618e-06,2.161423319787366e-06,570
1.6338893114647107e-06,2.85143997718848e-06,1.1059203353329774e-06,2.161858287596444e-06,571
1.635213122274495e-06,2.5489006591457107e-06,1.108223825358733e-06,2.1622024191902574e-06,572
1.6364383508915508e-06,0.0,1.110426329924945e-06,2.1624503718581567e-06,573
1.6375533209282895e-06,4.963715241584021e-06,1.112509561083017e-06,2.1625970807735616e-06,574
1.6385469543463909e-06,5.2857475104129225e-06,1.1144561801783137e-06,2.1626377285144682e-06,575
1.6394088034325899e-06,0.0,1.116249884748201e-06,2.1625677221169785e-06,576
1.6401290810618136e-06,0.0,1.1178754847414208e-06,2.1623826773822062e-06,577
1.6406986891556248e-06,0.0,1.1193189681885974e-06,2.162078410122652e-06,578
1.6411092452506775e-06,0.0,1.120567556508361e-06,2.1616509339929943e-06,579
1.6413531070982473e-06,2.6434955470317504e-06,1.1216097496841374e-06,2.1610964645123573e-06,580
1.641423395219625e-06,0.0,1.1224353616024677e-06,2.160411428836782e-06,581
1.6413140133488297e-06,0.0,1.123035545898291e-06,2.159592480799368e-06,582
1.6410196666965144e-06,2.259677634388678e-06,1.123402812705831e-06,2.1586365206871977e-06,583
1.6405358779823793e-06,0.0,1.1235310367767212e-06,2.157540719188037e-06,584
1.6398590011780262e-06,0.0,1.123415457457591e-06,2.1563025448984613e-06,585
1.6389862329207546e-06,0.0,1.1230526710795788e-06,2.1549197947619306e-06,586
1.6379156215561562e-06,4.904713675077433e-06,1.1224406163324695e-06,2.1533906267798426e-06,587
1.6366460737764697e-06,4.449249634049218e-06,1.121578553226695e-06,2.151713594326244e-06,588
1.6351773588329075e-06,0.0,1.1204670362654906e-06,2.1498876814003243e-06,589
1.6335101102973267e-06,0.0,1.1191078824489872e-06,2.1479123381456667e-06,590
1.631645825367265e-06,0.0,1.11750413473453e-06,2.145787516e-06,591
1.629586861704374e-06,2.2192238042822142e-06,1.1156600215597004e-06,2.1435137018490475e-06,592
1.6273364318097273e-06,2.125253967849158e-06,1.1135809130167316e-06,2.1410919506027228e-06,593
1.624898594945996e-06,2.259105891070432e-06,1.1112732742353516e-06,2.1385239156566407e-06,594
1.6222782466200336e-06,2.2651287952232966e-06,1.1087446164953871e-06,2.1358118767446803e-06,595
1.6194811056500896e-06,0.0,1.1060034465484694e-06,2.13295876475171e-06,596
1.6165136988469902e-06,4.8728312855259855e-06,1.1030592145836999e-06,2.1299681831102805e-06,597
1.6133833433447137e-06,0.0,1.0999222612210237e-06,2.1268444254684035e-06,598
1.610098126624095e-06,2.5210825528481927e-06,1.0966037638685813e-06,2.1235924893796085e-06,599
1.60666688428184e-06,1.9093625593095746e-06,1.0931156827309635e-06,2.1202180858327163e-06,600
1.6030991755953039e-06,2.288130551576751e-06,1.0894707067012888e-06,2.116727644489319e-06,601
1.59940525695279e-06,2.275447466744335e-06,1.0856821993283103e-06,2.1131283145772696e-06,602
1.5955960532133536e-06,0.0,1.0817641450050142e-06,2.109427961421693e-06,603
1.591683127072274e-06,0.0,1.0777310954796524e-06,2.1056351586648955e-06,604
1.5876786465143037e-06,0.0,1.073598116760255e-06,2.1017591762683524e-06,605
1.5835953504398117e-06,2.488465960274129e-06,1.069380736449703e-06,2.0978099644299207e-06,606
1.5794465125547477e-06,0.0,1.065094891517989e-06,2.093798133591506e-06,607
1.575245903623348e-06,4.328086250102792e-06,1.0607568765032419e-06,2.089734930743454e-06,608
1.5710077521838176e-06,4.651790241474431e-06,1.0563832921116325e-06,2.0856322122560025e-06,609
1.5667467038329475e-06,4.467177413950995e-06,1.0519909941744742e-06,2.0815024134914206e-06,610
1.562477779191819e-06,0.0,1.0475970429182013e-06,2.0773585154654367e-06,611
1.558216330663925e-06,0.0,1.043218652492597e-06,2.0732140088352536e-06,612
1.5539779981074837e-06,2.483756234228148e-06,1.0388731407156784e-06,2.0690828554992886e-06,613
1.5497786635389355e-06,0.0,1.034577878986703e-06,2.064979448091168e-06,614
1.545634404996417e-06,2.2142509189141317e-06,1.0303502423400446e-06,2.06091856765279e-06,615
1.5415614496855002e-06,2.1198566976872365e-06,1.0262075596152894e-06,2.056915339755711e-06,616
1.537576126539309e-06,6.423377668913422e-06,1.0221670637429588e-06,2.052985189335659e-06,617
1.5336948183222915e-06,0.0,1.0182458421548922e-06,2.0491437944896908e-06,618
1.5299339134084578e-06,0.0,1.0144607873530312e-06,2.045407039463884e-06,619
1.5263097573728752e-06,2.341191151233925e-06,1.0108285476956553e-06,2.041790967050095e-06,620
1.522838604521507e-06,0.0,1.0073654784660428e-06,2.038311730576971e-06,621
1.5195365695027069e-06,2.1494790737464776e-06,1.0040875933351784e-06,2.0349855456702355e-06,622
1.5164195791274443e-06,0.0,1.001010516331132e-06,2.0318286419237566e-06,623
1.5135033245356564e-06,0.0,9.981494344654456e-07,2.028857214605867e-06,624
1.5108032138431844e-06,2.162615726974089e-06,9.955190511868443e-07,2.0260873764995245e-06,625
1.5083343253915113e-06,2.287387346173201e-06,9.931335408393544e-07,2.0235351099436684e-06,626
1.5061113617464813e-06,0.0,9.910065043548217e-07,2.0212162191381412e-06,627
1.5041486045559145e-06,0.0,9.891509263845433e-07,2.019146282727286e-06,628
1.5024598704039804e-06,2.0002680359168127e-06,9.87579134130314e-07,2.0173406066776465e-06,629
1.5010584677810776e-06,3.8391031854958686e-06,9.863027581228253e-07,2.0158141774393296e-06,630
1.4999571552874224e-06,2.0300776301685776e-06,9.85332695215189e-07,2.014581615359656e-06,631
1.4991681011901248e-06,0.0,9.846790740698838e-07,2.013657128310366e-06,632
1.4987028444420424e-06,2.7608522198632275e-06,9.843512234052568e-07,2.0130544654788283e-06,633
1.4985722572756599e-06,0.0,9.843576432855293e-07,2.0127868712657904e-06,634
1.4987865094681096e-06,0.0,9.847059797141744e-07,2.012867039222045e-06,635
1.499355034388652e-06,0.0,9.854030027961383e-07,2.0133070659811657e-06,636
1.5002864969106066e-06,3.44491410106689e-06,9.864545887023915e-07,2.014118405118822e-06,637
1.5015887632827662e-06,0.0,9.878657056583406e-07,2.015311820907192e-06,638
1.5032688730456211e-06,3.5814823038959366e-06,9.896404041515196e-07,2.0168973419397226e-06,639
1.5053330130648734e-06,0.0,9.917818115141106e-07,2.0188842146156362e-06,640
1.5077864937588426e-06,3.8059715693923767e-06,9.942921310034208e-07,2.0212808565142642e-06,641
1.5106337275819204e-06,0.0,9.97172645458225e-07,2.0240948097056157e-06,642
1.5138782098254856e-06,6.951734110073758e-06,1.00042372556246e-06,2.027332694088511e-06,643
1.517522501790707e-06,0.0,1.0040448426890436e-06,2.0310001608923707e-06,644
1.5215682163729364e-06,6.730267696397624e-06,1.0080345862482518e-06,2.0351018464976208e-06,645
1.5260160061078323e-06,0.0,1.0123906853971177e-06,2.039641326818547e-06,646
1.5308655536997298e-06,0.0,1.017110034906783e-06,2.044621072492677e-06,647
1.536115565069284e-06,0.0,1.0221887249246806e-06,2.0500424052138875e-06,648
1.5417637649302502e-06,0.0,1.0276220742974667e-06,2.0559054555630335e-06,649
1.5478068949141415e-06,0.0,1.0334046670659854e-06,2.062209122762298e-06,650
1.5542407142416943e-06,0.0,1.039530391674299e-06,2.0689510368090895e-06,651
1.561060002941999e-06,0.0,1.045992482392257e-06,2.076127523491741e-06,652
1.5682585676123034e-06,0.0,1.0527835623886924e-06,2.0837335728359142e-06,653
1.5758292496953036e-06,0.0,1.0598956878542784e-06,2.091762811536329e-06,654
1.583763936257257e-06,0.0,1.0673203925368971e-06,2.100207479977617e-06,655
1.592053573234216e-06,1.0275767342926332e-05,1.0750487320286977e-06,2.1090584144397346e-06,656
1.6006881811118494e-06,0.0,1.0830713271213486e-06,2.1183050351023507e-06,657
1.609656872988972e-06,0.0,1.0913784055382888e-06,2.1279353404396557e-06,658
1.6189478749882919e-06,0.0,1.0999598413712789e-06,2.1379359086053047e-06,659
1.628548548940892e-06,0.0,1.1088051915266645e-06,2.1482919063551193e-06,660
1.6384454173001291e-06,0.0,1.117903728557802e-06,2.1589871060424563e-06,661
1.6486241902054439e-06,0.0,1.127244469238491e-06,2.1700039111723965e-06,662
1.6590697946248908e-06,0.0,1.136816198304647e-06,2.1813233909451347e-06,663
1.6697664055011158e-06,6.6669555680746165e-06,1.1466074868166368e-06,2.192925324185595e-06,664
1.6806974788153558e-06,0.0,1.1566067046472255e-06,2.204788252983486e-06,665
1.6918457864738456e-06,3.4208266769747576e-06,1.1668020266286472e-06,2.216889546319044e-06,666
1.7031934529347756e-06,0.0,1.1771814319681644e-06,2.2292054739013867e-06,667
1.7147219934687797e-06,3.88132461846579e-06,1.1877326965530334e-06,2.241711290384526e-06,668
1.7264123539526977e-06,3.6226765058560567e-06,1.1984433778209432e-06,2.254381330084452e-06,669
1.7382449520918564e-06,3.4179270272579684e-06,1.209300791902497e-06,2.267189112281216e-06,670
1.7501997199646713e-06,0.0,1.2202919827698976e-06,2.280107457159445e-06,671
1.7622561477681332e-06,3.0976343366570954e-06,1.2314036831317076e-06,2.2931086124045586e-06,672
1.7743933286590008e-06,3.1512737448476672e-06,1.242622266846549e-06,2.306164390471453e-06,673
1.7865900045668693e-06,0.0,1.253933692612289e-06,2.3192463165214496e-06,674
1.798824612861748e-06,0.0,1.2653234386920593e-06,2.332325787031437e-06,675
1.811075333754475e-06,0.0,1.2767764284316518e-06,2.345374239077298e-06,676
1.8233201383039433e-06,3.3317674026540858e-06,1.288276946306271e-06,2.3583633303016156e-06,677
1.8355368369152702e-06,0.0,1.299808544236451e-06,2.3712651295940895e-06,678
1.8477031281940726e-06,0.0,1.3113539378877311e-06,2.3840523185004137e-06,679
1.8597966480377926e-06,0.0,1.322894892691246e-06,2.396698403384339e-06,680
1.8717950188409616e-06,0.0,1.334412099341315e-06,2.409177938340608e-06,681
1.8836758986839589e-06,0.0,1.3458850385534882e-06,2.4214667588144297e-06,682
1.8954170303858365e-06,7.2423620239504916e-06,1.3572918349704966e-06,2.433542225801176e-06,683
1.9069962902954531e-06,3.15520119140397e-06,1.3686091002031093e-06,2.4453834803877972e-06,684
1.9183917367041527e-06,0.0,1.3798117651934993e-06,2.456971708214806e-06,685
1.929581657753388e-06,5.900523081371164e-06,1.3908729023255989e-06,2.4682904131811765e-06,686
1.9405446187266435e-06,0.0,1.4017635380617063e-06,2.4793256993915807e-06,687
1.9512595086049907e-06,3.0746336573997205e-06,1.4124524573313055e-06,2.4900665598786756e-06,688
1.9617055857762392e-06,0.0,1.4229060014772815e-06,2.5005051700751974e-06,689
1.9718625227889992e-06,1.03320372366622e-05,1.4330878622988443e-06,2.510637183279154e-06,690
1.9817104500401523e-06,0.0,1.442958875603107e-06,2.5204620244771973e-06,691
1.9912299983010303e-06,0.0,1.4524768187661854e-06,2.529983177835875e-06,692
2.0004023399735755e-06,2.759442813307137e-06,1.461596218021658e-06,2.539208461925493e-06,693
2.0092092289904113e-06,2.9969730572122155e-06,1.4702681726139992e-06,2.5481502853668233e-06,694
2.0176330392593404e-06,3.0284125667007874e-06,1.4784402044746358e-06,2.556825874044045e-06,695
2.0256568015744555e-06,1.0346825593907789e-05,1.4860561436806006e-06,2.56525745946831e-06,696
2.03326423890357e-06,0.0,1.4930560614883303e-06,2.5734724163188095e-06,697
2.0404397999813788e-06,0.0,1.499376264122756e-06,2.581503335840002e-06,698
2.0471686911334146e-06,0.0,1.5049493614512557e-06,2.589388020815574e-06,699
2.053436906263561e-06,2.839320039636908e-06,1.5097044250370295e-06,2.5971693874900923e-06,700
2.0592312549467056e-06,0.0,1.5135672495174879e-06,2.6048952603759234e-06,701
2.0645393885669925e-06,3.0932937391734714e-06,1.5164607295017029e-06,2.612618047632282e-06,702
2.0693498244519744e-06,3.2101595128261924e-06,1.5183053610351144e-06,2.620394287868835e-06,703
2.0736519679602792e-06,3.0312399590176366e-06,1.5190198719175666e-06,2.628284064002992e-06,704
2.0774361324795456e-06,0.0,1.5185219788168807e-06,2.6363502861422102e-06,705
2.0806935573048976e-06,0.0,1.5167292613976394e-06,2.644657853212156e-06,706
2.083416423368246e-06,8.2236391247855e-06,1.513560135073153e-06,2.6532727116633393e-06,707
2.085597866795552e-06,0.0,1.5089348951869877e-06,2.662260838404117e-06,708
2.087231990277717e-06,0.0,1.5027767974776593e-06,2.671687183077775e-06,709
2.0883138722473403e-06,3.191492756907188e-06,1.4950131335513286e-06,2.6816146109433526e-06,710
2.0888395738487275e-06,0.0,1.4855762568194223e-06,2.6921028908780332e-06,711
2.08880614370939e-06,3.013836523479293e-06,1.4744045146929374e-06,2.703207772725842e-06,712
2.0882116205207935e-06,0.0,1.4614430470131346e-06,2.7149801940284525e-06,713
2.0870550334306804e-06,0.0,1.4466444184891535e-06,2.727465648372207e-06,714
2.0853364002782025e-06,0.0,1.4299690635847826e-06,2.7407037369716225e-06,715
2.0830567236840734e-06,0.0,1.411385534515346e-06,2.7547279128528013e-06,716
2.0802179850298184e-06,5.756273618710192e-06,1.3908705555021128e-06,2.7695654145575245e-06,717
2.0768231363579326e-06,1.122605342478825e-05,1.3684088976969826e-06,2.7852373750188827e-06,718
2.0728760902310244e-06,2.6320153078010307e-06,1.3439930982144771e-06,2.8017590822475712e-06,719
2.06838170759305e-06,2.6949238414522404e-06,1.3176230527772223e-06,2.8191403624088775e-06,720
2.0633457836815976e-06,0.0,1.289305514399515e-06,2.8373860529636795e-06,721
2.057775032041643e-06,0.0,1.259053530548228e-06,2.8564965335350585e-06,722
2.0516770666974675e-06,0.0,1.2268858488366633e-06,2.876468284558271e-06,723
2.045060382545036e-06,2.806355834694416e-06,1.1928263172839167e-06,2.897294447806155e-06,724
2.037934334026086e-06,0.0,1.1569033001695737e-06,2.9189653678825988e-06,725
2.030309112152398e-06,0.0,1.119149125266697e-06,2.941469099038099e-06,726
2.0221957199542844e-06,4.5108338953080565e-06,1.079599573189062e-06,2.9647918667195074e-06,727
2.013605946422777e-06,0.0,1.0382934151227901e-06,2.9889184777227634e-06,728
2.0045523390250813e-06,2.4504938970449494e-06,9.952720015128604e-07,3.0138326765373024e-06,729
