"","state","gender","race","year","latitude","longitude","n","theta","Y"
"1","Alaska","Male","White",-1.57994054356869,0.406061436616608,-1.65457719189681,5,-0.41631216715209,1
"2","Arizona","Male","White",-1.57994054356869,0.764610293410811,0.15619716297165,72,-0.765345152760382,25
"3","Arkansas","Male","White",-1.57994054356869,-1.75852437799045,0.918303495170979,72,2.50050727640663,63
"4","California","Male","White",-1.57994054356869,0.626546994964931,0.380258097284404,59,-0.104764240510223,32
"5","Alaska","Female","White",-1.57994054356869,0.506821968775979,-1.62879539616782,58,0.454538060061745,39
"6","Arizona","Female","White",-1.57994054356869,0.601879463458711,0.229077530798557,67,0.336581718140539,44
"7","Arkansas","Female","White",-1.57994054356869,-1.56571401108471,1.11156459895455,83,2.75738772338662,78
"8","California","Female","White",-1.57994054356869,0.540047754728836,0.361092309281346,47,-0.0187187662281663,25
"9","Alaska","Non-binary","White",-1.57994054356869,0.368727468233531,-1.61894817667785,49,-0.609670118093851,20
"10","Arizona","Non-binary","White",-1.57994054356869,0.601405849594585,0.159157626537032,69,0.406285238143711,41
"11","Arkansas","Non-binary","White",-1.57994054356869,-1.64704082724098,1.08913504037282,20,2.08576419293367,17
"12","California","Non-binary","White",-1.57994054356869,0.617650515595772,0.505463786896029,93,0.103271137867774,56
"13","Alaska","Male","Black",-1.57994054356869,0.547384932422865,-1.55357769573305,25,0.0198657404137913,14
"14","Arizona","Male","Black",-1.57994054356869,0.704209170411736,0.121231451546814,72,-0.904649278174647,17
"15","Arkansas","Male","Black",-1.57994054356869,-1.78105737696872,0.914802927151262,10,1.79363043231222,8
"16","California","Male","Black",-1.57994054356869,0.612235362293329,0.50678170512084,28,0.526315142622095,17
"17","Alaska","Female","Black",-1.57994054356869,0.692116113085815,-1.84594233683716,30,-0.673807547147133,8
"18","Arizona","Female","Black",-1.57994054356869,0.509746043566938,0.238601924155657,23,0.000345447681725094,10
"19","Arkansas","Female","Black",-1.57994054356869,-1.80898110656374,1.06790500009884,46,2.7242354125973,41
"20","California","Female","Black",-1.57994054356869,0.629304647984019,0.357802351715572,78,-0.131389876614209,38
"21","Alaska","Non-binary","Black",-1.57994054356869,0.592153817877463,-1.61780853227901,35,-1.42202798011407,7
"22","Arizona","Non-binary","Black",-1.57994054356869,0.400103911999779,0.264716081199005,83,-0.343392729725616,28
"23","Arkansas","Non-binary","Black",-1.57994054356869,-1.84101956077221,1.05324058581341,88,1.85074345521544,76
"24","California","Non-binary","Black",-1.57994054356869,0.714620112088722,0.570562211340609,82,0.716436197287291,57
"25","Alaska","Male","Hispanic",-1.57994054356869,0.554976279741424,-1.67111692944811,39,-0.619818539155271,13
"26","Arizona","Male","Hispanic",-1.57994054356869,0.723286415198696,0.0724894018133317,11,-0.549323204998193,3
"27","Arkansas","Male","Hispanic",-1.57994054356869,-1.73321276723246,1.19805492601622,97,1.12070561840552,69
"28","California","Male","Hispanic",-1.57994054356869,0.610176068483987,0.453448221900975,92,-0.875303139873696,21
"29","Alaska","Female","Hispanic",-1.57994054356869,0.545388218018243,-1.49771974885502,90,0.0137322798758334,44
"30","Arizona","Female","Hispanic",-1.57994054356869,0.587421156063719,0.099716040550734,20,-0.520123012040599,8
"31","Arkansas","Female","Hispanic",-1.57994054356869,-1.676333019952,1.12235054231457,75,2.30733644006138,72
"32","California","Female","Hispanic",-1.57994054356869,0.478883823502463,0.364213450416042,76,-0.180037810041262,33
"33","Alaska","Non-binary","Hispanic",-1.57994054356869,0.518406466058599,-1.64845680296247,62,-0.827404129241723,25
"34","Arizona","Non-binary","Hispanic",-1.57994054356869,0.551023877993166,0.105779698508198,29,0.244666316623609,18
"35","Arkansas","Non-binary","Hispanic",-1.57994054356869,-1.6826143266903,1.07394573236976,49,1.88018912115579,42
"36","California","Non-binary","Hispanic",-1.57994054356869,0.617327302697079,0.456224816404738,11,-0.26921189700036,4
"37","Alaska","Male","Asian",-1.57994054356869,0.579271492058129,-1.59975390905344,59,-0.474151926505235,24
"38","Arizona","Male","Asian",-1.57994054356869,0.791082434027746,0.105325819883843,69,-1.23019487543503,18
"39","Arkansas","Male","Asian",-1.57994054356869,-1.84173776828893,1.00365802622052,74,1.34918210401085,57
"40","California","Male","Asian",-1.57994054356869,0.760955847373591,0.462949466744927,67,-0.834864516421532,27
"41","Alaska","Female","Asian",-1.57994054356869,0.453066199609898,-1.70572859764368,97,-0.440831612189363,47
"42","Arizona","Female","Asian",-1.57994054356869,0.641312056775074,0.189547523041356,62,-0.653351089148632,22
"43","Arkansas","Female","Asian",-1.57994054356869,-1.72982067492442,1.02985971463716,99,2.51226380742001,91
"44","California","Female","Asian",-1.57994054356869,0.473428295180239,0.524558834380943,19,-0.674875052658262,4
"45","Alaska","Non-binary","Asian",-1.57994054356869,0.374987770123918,-1.40282983246317,93,-0.0583919598100606,48
"46","Arizona","Non-binary","Asian",-1.57994054356869,0.552624888550909,0.137373205833077,44,-0.936103650277479,12
"47","Arkansas","Non-binary","Asian",-1.57994054356869,-1.58311130704933,0.776503716624212,82,1.88348257099886,73
"48","California","Non-binary","Asian",-1.57994054356869,0.721393496031911,0.359279386634016,61,-0.110133135882201,35
"49","Alaska","Male","Other",-1.57994054356869,0.53232595987888,-1.61529021836174,5,-0.230557891006855,1
"50","Arizona","Male","Other",-1.57994054356869,0.735123507185355,0.164138739158204,70,-1.24880144670478,16
"51","Arkansas","Male","Other",-1.57994054356869,-1.86683252468116,1.06403950268473,81,2.29403930285032,72
"52","California","Male","Other",-1.57994054356869,0.595004503310122,0.412583600379241,64,-1.39638306927809,12
"53","Alaska","Female","Other",-1.57994054356869,0.578713821125493,-1.74401877342913,47,0.107514848758858,20
"54","Arizona","Female","Other",-1.57994054356869,0.562245201242961,0.186867844252756,82,-1.47387211696457,15
"55","Arkansas","Female","Other",-1.57994054356869,-1.68596215375801,0.958013020502072,70,3.02386907115004,65
"56","California","Female","Other",-1.57994054356869,0.623655731285235,0.376957755853837,89,-0.590853300361294,39
"57","Alaska","Non-binary","Other",-1.57994054356869,0.548665412630509,-1.79721441418097,59,-0.818976294880623,16
"58","Arizona","Non-binary","Other",-1.57994054356869,0.472227094269379,0.0286731881822791,43,-1.22262481880233,8
"59","Arkansas","Non-binary","Other",-1.57994054356869,-1.83964908941668,1.0067898355132,75,3.00803185931019,70
"60","California","Non-binary","Other",-1.57994054356869,0.638488080622415,0.419732533312366,50,-1.29970269007326,12
"61","Alaska","Male","White",-1.26395243485495,0.608475139746541,-1.67801955659071,29,-0.012750968315252,15
"62","Arizona","Male","White",-1.26395243485495,0.60169434026673,0.34092232232217,69,0.373519265511818,41
"63","Arkansas","Male","White",-1.26395243485495,-1.67730469706679,1.07355908515031,94,1.60492486782663,72
"64","California","Male","White",-1.26395243485495,0.580810811809979,0.416051899378431,70,0.219689319961161,38
"65","Alaska","Female","White",-1.26395243485495,0.290873260073888,-1.7066853925563,9,-0.316172932378199,2
"66","Arizona","Female","White",-1.26395243485495,0.604829607285185,0.220011204434035,92,0.927474102125512,63
"67","Arkansas","Female","White",-1.26395243485495,-1.8441295110219,0.953872231184002,12,2.92469626779883,12
"68","California","Female","White",-1.26395243485495,0.462686194512437,0.295073835254633,24,0.849151526550452,16
"69","Alaska","Non-binary","White",-1.26395243485495,0.525234684042622,-1.66332143586051,96,-0.937581091847932,27
"70","Arizona","Non-binary","White",-1.26395243485495,0.439898187009951,-0.0338875277462706,34,0.408302074817704,15
"71","Arkansas","Non-binary","White",-1.26395243485495,-1.65452160909073,1.08345951177241,82,2.26423763047194,72
"72","California","Non-binary","White",-1.26395243485495,0.517085660861406,0.312713511431423,46,0.58540329959285,29
"73","Alaska","Male","Black",-1.26395243485495,0.399011260126476,-1.69553151162329,30,-0.683323553628299,13
"74","Arizona","Male","Black",-1.26395243485495,0.727573910148214,-0.0390257680160741,39,-0.507073362572457,15
"75","Arkansas","Male","Black",-1.26395243485495,-1.6353311127284,1.0041764672007,51,1.17310517494725,36
"76","California","Male","Black",-1.26395243485495,0.574608198236081,0.529408359225935,53,0.66005382227615,37
"77","Alaska","Female","Black",-1.26395243485495,0.641217554275967,-1.77252199568388,70,-0.395678058567,33
"78","Arizona","Female","Black",-1.26395243485495,0.613042185276873,0.122232006208675,82,-0.271141783669422,28
"79","Arkansas","Female","Black",-1.26395243485495,-1.6140147477581,1.06468521425708,29,1.91571434067734,22
"80","California","Female","Black",-1.26395243485495,0.739161662226493,0.404185439854136,97,-0.134315740647329,49
"81","Alaska","Non-binary","Black",-1.26395243485495,0.623228076483968,-1.66073922697436,92,-1.5798857529305,10
"82","Arizona","Non-binary","Black",-1.26395243485495,0.673076283380351,0.299929490553341,92,0.161336240446378,53
"83","Arkansas","Non-binary","Black",-1.26395243485495,-1.73068247040279,1.11505265051775,34,0.901700031901371,28
"84","California","Non-binary","Black",-1.26395243485495,0.555833443342437,0.486877704604122,72,-0.394526168658206,36
"85","Alaska","Male","Hispanic",-1.26395243485495,0.477202064590627,-1.66561141834045,23,0.376428274929692,14
"86","Arizona","Male","Hispanic",-1.26395243485495,0.527368259198112,0.065894974008864,47,-0.523154208608929,16
"87","Arkansas","Male","Hispanic",-1.26395243485495,-1.80630463870998,0.908846766511514,64,1.1266633475858,51
"88","California","Male","Hispanic",-1.26395243485495,0.6300501658637,0.543392208071805,12,-1.28634782801171,3
"89","Alaska","Female","Hispanic",-1.26395243485495,0.361628661552504,-1.42520083090628,92,0.0075220698335242,47
"90","Arizona","Female","Hispanic",-1.26395243485495,0.682816731422631,0.360631148424881,14,-0.055617935236696,11
"91","Arkansas","Female","Hispanic",-1.26395243485495,-1.72233060991172,1.04970022876597,64,2.19742023647514,55
"92","California","Female","Hispanic",-1.26395243485495,0.516483906478249,0.356028154818485,51,0.10580921206019,20
"93","Alaska","Non-binary","Hispanic",-1.26395243485495,0.397213241036075,-1.75567902496995,33,0.0403904272218884,19
"94","Arizona","Non-binary","Hispanic",-1.26395243485495,0.630423498219767,0.211321754633057,63,-0.371884052430985,15
"95","Arkansas","Non-binary","Hispanic",-1.26395243485495,-1.80731430049771,1.07704052844433,39,2.38086968710817,35
"96","California","Non-binary","Hispanic",-1.26395243485495,0.545914095982359,0.357652980230001,23,-0.875539376919567,9
"97","Alaska","Male","Asian",-1.26395243485495,0.34321001824999,-1.45702472028723,96,1.01119999818857,77
"98","Arizona","Male","Asian",-1.26395243485495,0.469404151111971,0.368395145813888,37,-1.20179098377112,8
"99","Arkansas","Male","Asian",-1.26395243485495,-1.87659753578715,0.950194990173449,75,1.91270500662631,65
"100","California","Male","Asian",-1.26395243485495,0.485339097249654,0.465782035539774,27,-1.31781353815398,2
"101","Alaska","Female","Asian",-1.26395243485495,0.492446706829337,-1.76908178771954,67,-0.376796773984982,28
"102","Arizona","Female","Asian",-1.26395243485495,0.764744881150073,0.371608279009236,13,-0.364535287893117,8
"103","Arkansas","Female","Asian",-1.26395243485495,-1.65772272314991,0.958753993428545,100,2.27315763582715,87
"104","California","Female","Asian",-1.26395243485495,0.393408155042544,0.46948352580583,49,-1.4137426024001,7
"105","Alaska","Non-binary","Asian",-1.26395243485495,0.37583699733244,-1.81540328799301,11,-0.379193913947828,5
"106","Arizona","Non-binary","Asian",-1.26395243485495,0.719710762761239,0.118269765482906,14,-0.46488786581093,2
"107","Arkansas","Non-binary","Asian",-1.26395243485495,-1.980966196386,1.11590772221127,98,1.82780962723459,87
"108","California","Non-binary","Asian",-1.26395243485495,0.673839564300816,0.511168936980566,70,-1.36906114170419,18
"109","Alaska","Male","Other",-1.26395243485495,0.708576729936546,-1.52718075071336,47,0.222155152885527,30
"110","Arizona","Male","Other",-1.26395243485495,0.674682012252767,0.184159534180879,61,-1.24698747956876,19
"111","Arkansas","Male","Other",-1.26395243485495,-1.82315198535723,0.90441503795591,7,2.81822852881107,7
"112","California","Male","Other",-1.26395243485495,0.60534784581042,0.53680865169515,41,-1.39749633739666,3
"113","Alaska","Female","Other",-1.26395243485495,0.586786586148971,-1.66842240101912,8,0.234678362980564,5
"114","Arizona","Female","Other",-1.26395243485495,0.696190024210719,0.144498905082602,21,-0.98991845668987,6
"115","Arkansas","Female","Other",-1.26395243485495,-1.69667554625942,1.04566568907804,70,3.36348980857763,64
"116","California","Female","Other",-1.26395243485495,0.551996021869557,0.382050891245682,69,-0.204504571060937,33
"117","Alaska","Non-binary","Other",-1.26395243485495,0.596254640182533,-1.430894051731,83,0.194003219489933,46
"118","Arizona","Non-binary","Other",-1.26395243485495,0.435406585698357,0.214916613294625,58,-1.16792599444787,18
"119","Arkansas","Non-binary","Other",-1.26395243485495,-1.61585420119005,1.08709732056341,30,2.52289326688292,26
"120","California","Non-binary","Other",-1.26395243485495,0.548440672796926,0.515035254855189,51,-2.16248923047447,10
"121","Alaska","Male","White",-0.947964326141213,0.550184967987125,-1.70685778738491,28,0.131592910676223,19
"122","Arizona","Male","White",-0.947964326141213,0.719493365933748,0.132660030384078,17,1.36173099378914,12
"123","Arkansas","Male","White",-0.947964326141213,-1.86949343159296,1.04141560936982,14,1.89414873014242,12
"124","California","Male","White",-0.947964326141213,0.557700396361207,0.488761158348107,72,0.627426914443121,50
"125","Alaska","Female","White",-0.947964326141213,0.499466079808604,-1.60218800882967,73,0.26455693218366,44
"126","Arizona","Female","White",-0.947964326141213,0.533648285330602,0.0107987199009322,5,1.35145393364133,4
"127","Arkansas","Female","White",-0.947964326141213,-1.67571458409124,1.13680730156359,42,1.65760044947708,38
"128","California","Female","White",-0.947964326141213,0.649876893852097,0.466351992979245,83,0.792536803343352,58
"129","Alaska","Non-binary","White",-0.947964326141213,0.443520597553035,-1.69362215554897,70,0.517884133643767,51
"130","Arizona","Non-binary","White",-0.947964326141213,0.511091343164439,0.29530524752661,49,1.65146212056922,39
"131","Arkansas","Non-binary","White",-0.947964326141213,-1.59911446415533,1.01669418228917,99,0.98217097543663,71
"132","California","Non-binary","White",-0.947964326141213,0.384813494556136,0.379933508056473,68,0.779133851247178,52
"133","Alaska","Male","Black",-0.947964326141213,0.564305526672614,-1.70848707813597,34,0.361700106959901,14
"134","Arizona","Male","Black",-0.947964326141213,0.696017307803984,0.11616673636388,47,0.258560698256667,27
"135","Arkansas","Male","Black",-0.947964326141213,-1.88071171072057,1.02393042046718,46,0.61000539969169,30
"136","California","Male","Black",-0.947964326141213,0.620368220627168,0.255255417728601,73,0.205149958689866,36
"137","Alaska","Female","Black",-0.947964326141213,0.478843557037207,-1.67872358911523,21,-0.347806374882465,6
"138","Arizona","Female","Black",-0.947964326141213,0.810276510922095,0.231240895754279,73,0.778862858131008,45
"139","Arkansas","Female","Black",-0.947964326141213,-1.82145115181792,1.03725393376301,23,0.753438974292489,13
"140","California","Female","Black",-0.947964326141213,0.726450748855907,0.551100258436262,22,0.139279052791768,8
"141","Alaska","Non-binary","Black",-0.947964326141213,0.581311115002939,-1.69935973238955,57,-0.652589518451037,15
"142","Arizona","Non-binary","Black",-0.947964326141213,0.653002544522369,0.242038882659486,63,0.291319589235071,40
"143","Arkansas","Non-binary","Black",-0.947964326141213,-1.89915159454503,1.08178907067374,49,0.227985250302308,29
"144","California","Non-binary","Black",-0.947964326141213,0.58316096714908,0.433579720212564,83,-0.3503167590347,39
"145","Alaska","Male","Hispanic",-0.947964326141213,0.717523605191174,-1.60073105167369,79,1.44125502467639,62
"146","Arizona","Male","Hispanic",-0.947964326141213,0.573767857632454,0.278192061835572,88,-1.00398910565127,21
"147","Arkansas","Male","Hispanic",-0.947964326141213,-1.78754280657456,0.957078798870103,92,0.943080540663686,66
"148","California","Male","Hispanic",-0.947964326141213,0.579353539826315,0.298307684334479,68,-0.894677526716941,27
"149","Alaska","Female","Hispanic",-0.947964326141213,0.430643567311713,-1.66076353125336,35,1.08214836132013,24
"150","Arizona","Female","Hispanic",-0.947964326141213,0.598805554353765,0.157432626776742,64,0.284912140114518,33
"151","Arkansas","Female","Hispanic",-0.947964326141213,-1.74847070265391,1.08474154997995,37,1.67773882583086,28
"152","California","Female","Hispanic",-0.947964326141213,0.526330955159697,0.400394851426763,91,-0.741812379215251,25
"153","Alaska","Non-binary","Hispanic",-0.947964326141213,0.253746177417214,-1.49472855822112,48,2.05825106012871,43
"154","Arizona","Non-binary","Hispanic",-0.947964326141213,0.567738034906452,0.263296091597826,9,0.520905049695788,8
"155","Arkansas","Non-binary","Hispanic",-0.947964326141213,-1.8739519784677,1.37769947619895,73,1.8536385570826,59
"156","California","Non-binary","Hispanic",-0.947964326141213,0.671101811214548,0.448714192603465,53,-0.375303331762913,23
"157","Alaska","Male","Asian",-0.947964326141213,0.639335727087132,-1.8714416643355,31,-0.157131048131454,14
"158","Arizona","Male","Asian",-0.947964326141213,0.53042287739719,-0.0179504280162952,61,0.553857820880673,38
"159","Arkansas","Male","Asian",-0.947964326141213,-1.88803177556476,1.09149737680053,59,0.517306144520692,34
"160","California","Male","Asian",-0.947964326141213,0.577047760692224,0.458445807715306,81,-0.957080000296228,21
"161","Alaska","Female","Asian",-0.947964326141213,0.632265326371141,-1.52082567209788,98,1.06109145144277,74
"162","Arizona","Female","Asian",-0.947964326141213,0.737962725410003,0.231942435424911,13,0.010947244096039,8
"163","Arkansas","Female","Asian",-0.947964326141213,-1.80904120019386,1.02548998031698,66,0.838494557478888,49
"164","California","Female","Asian",-0.947964326141213,0.597284181063464,0.600497597511804,46,-1.25172161293119,10
"165","Alaska","Non-binary","Asian",-0.947964326141213,0.386098454631311,-1.81037384659007,89,0.944720007119118,63
"166","Arizona","Non-binary","Asian",-0.947964326141213,0.607602543487054,0.121285372840701,19,0.235464897728852,10
"167","Arkansas","Non-binary","Asian",-0.947964326141213,-1.68809753048323,1.03543929408872,32,1.13121948001935,25
"168","California","Non-binary","Asian",-0.947964326141213,0.598801028775144,0.25849131448792,91,0.178508090139264,58
"169","Alaska","Male","Other",-0.947964326141213,0.568555614361785,-1.42299543913553,79,0.61066703162385,52
"170","Arizona","Male","Other",-0.947964326141213,0.718519082946302,0.296679187222709,16,0.0558881832105314,10
"171","Arkansas","Male","Other",-0.947964326141213,-1.66158350315239,1.02437450199356,10,2.20665123487235,9
"172","California","Male","Other",-0.947964326141213,0.52210677340736,0.310949678282381,50,-0.809714173464773,14
"173","Alaska","Female","Other",-0.947964326141213,0.36852936644346,-1.62034995183622,84,1.35128951935878,67
"174","Arizona","Female","Other",-0.947964326141213,0.695879490265179,0.166159958829234,52,-0.147837403543919,20
"175","Arkansas","Female","Other",-0.947964326141213,-1.63189083322222,1.01665907453412,71,2.81491573135604,69
"176","California","Female","Other",-0.947964326141213,0.541230374846191,0.478856346834509,40,-0.694239854717243,6
"177","Alaska","Non-binary","Other",-0.947964326141213,0.703786962047781,-1.70356340547292,20,0.662432855504877,11
"178","Arizona","Non-binary","Other",-0.947964326141213,0.563519931046411,0.199149995755584,55,0.00910824302659305,30
"179","Arkansas","Non-binary","Other",-0.947964326141213,-1.88933567651329,1.10755587309387,68,2.08059700315738,54
"180","California","Non-binary","Other",-0.947964326141213,0.519613284128375,0.392601282238997,32,-0.535550677989012,13
"181","Alaska","Male","White",-0.631976217427475,0.480443503384934,-1.55939854915151,46,1.38026074582432,38
"182","Arizona","Male","White",-0.631976217427475,0.553917692419868,0.018980334529384,88,1.0629721317443,71
"183","Arkansas","Male","White",-0.631976217427475,-1.60233958536227,0.884494367996779,48,0.258356823148539,29
"184","California","Male","White",-0.631976217427475,0.550794192589881,0.524947114200859,18,0.647497708070375,11
"185","Alaska","Female","White",-0.631976217427475,0.495497547260453,-1.58761106097368,10,1.14206639492321,6
"186","Arizona","Female","White",-0.631976217427475,0.554206365928058,0.165252524205678,91,1.29476012985909,74
"187","Arkansas","Female","White",-0.631976217427475,-1.72505531798013,1.20898520936319,81,1.66888977450241,68
"188","California","Female","White",-0.631976217427475,0.538086925980669,0.264675846557731,23,0.966812934819147,17
"189","Alaska","Non-binary","White",-0.631976217427475,0.478201161898131,-1.58790848958257,67,0.55512265867277,40
"190","Arizona","Non-binary","White",-0.631976217427475,0.51587880379985,0.235384427271736,48,1.8285921777326,44
"191","Arkansas","Non-binary","White",-0.631976217427475,-1.63966073162489,0.812939995652531,8,-0.111715162352349,3
"192","California","Non-binary","White",-0.631976217427475,0.436406133038026,0.325377860741684,95,1.0043091648376,66
"193","Alaska","Male","Black",-0.631976217427475,0.413368432772781,-1.58800950065698,16,-0.113850518283769,5
"194","Arizona","Male","Black",-0.631976217427475,0.61261834510816,0.283336857034098,18,-0.183329937447517,8
"195","Arkansas","Male","Black",-0.631976217427475,-1.67083309045611,1.16604499886438,25,-0.261246566201531,14
"196","California","Male","Black",-0.631976217427475,0.749780461919321,0.107328157315097,51,0.133748702080077,26
"197","Alaska","Female","Black",-0.631976217427475,0.434494025822975,-1.4840009809278,94,0.690697836366551,59
"198","Arizona","Female","Black",-0.631976217427475,0.583965509627225,0.135896890080132,19,0.370044129309643,12
"199","Arkansas","Female","Black",-0.631976217427475,-1.48323321992368,0.955909356680869,62,0.389020722433177,32
"200","California","Female","Black",-0.631976217427475,0.504464176989214,0.608683234358672,94,-0.978248619882534,30
"201","Alaska","Non-binary","Black",-0.631976217427475,0.624653390795518,-1.63057332662932,84,0.350478700489141,45
"202","Arizona","Non-binary","Black",-0.631976217427475,0.750470144555186,0.0544210113843093,49,0.751414907826724,23
"203","Arkansas","Non-binary","Black",-0.631976217427475,-1.91533598180328,0.916594033041042,95,-0.443858891939493,32
"204","California","Non-binary","Black",-0.631976217427475,0.711784204294332,0.488525690675622,48,-0.152131781839341,18
"205","Alaska","Male","Hispanic",-0.631976217427475,0.74203188072868,-1.55357121479797,13,0.491811250095699,9
"206","Arizona","Male","Hispanic",-0.631976217427475,0.533880399840396,0.241322299033701,70,-0.564625578651008,29
"207","Arkansas","Male","Hispanic",-0.631976217427475,-1.83739960590635,1.0366387930864,66,0.57924993537412,38
"208","California","Male","Hispanic",-0.631976217427475,0.628909645325898,0.431183916770457,45,-0.746122352456887,10
"209","Alaska","Female","Hispanic",-0.631976217427475,0.460263063393128,-1.72228744011189,42,1.62940345830943,39
"210","Arizona","Female","Hispanic",-0.631976217427475,0.44478391159114,0.118943355185299,44,-0.128582013821434,19
"211","Arkansas","Female","Hispanic",-0.631976217427475,-1.72458525812482,0.977275810317665,66,1.02253212184603,53
"212","California","Female","Hispanic",-0.631976217427475,0.528867901852215,0.47709559036998,31,-1.09348669049832,6
"213","Alaska","Non-binary","Hispanic",-0.631976217427475,0.552800409125693,-1.61294449467178,77,1.80002197345637,63
"214","Arizona","Non-binary","Hispanic",-0.631976217427475,0.554722883688803,0.229191718632418,20,0.288287624555621,14
"215","Arkansas","Non-binary","Hispanic",-0.631976217427475,-1.59886607603583,0.923700919343668,26,-0.0317064464534032,15
"216","California","Non-binary","Hispanic",-0.631976217427475,0.628889061555579,0.364503313114022,11,-0.889903004315155,3
"217","Alaska","Male","Asian",-0.631976217427475,0.548100404458816,-1.61378254676758,23,1.25385388833074,21
"218","Arizona","Male","Asian",-0.631976217427475,0.731070019238887,0.179279644167241,67,-0.407945577185928,31
"219","Arkansas","Male","Asian",-0.631976217427475,-1.66991226313187,1.09426914792559,70,-0.0333891567879394,38
"220","California","Male","Asian",-0.631976217427475,0.599406680932255,0.316777442488922,93,-0.639012335850071,37
"221","Alaska","Female","Asian",-0.631976217427475,0.414611519594785,-1.53139290885254,31,1.47023324101485,24
"222","Arizona","Female","Asian",-0.631976217427475,0.465310149619627,0.17865099356982,77,0.283814098568169,47
"223","Arkansas","Female","Asian",-0.631976217427475,-1.5554865648169,1.08545677730881,40,0.438350577991628,27
"224","California","Female","Asian",-0.631976217427475,0.406229099882927,0.429654214200773,41,-0.580862004042504,13
"225","Alaska","Non-binary","Asian",-0.631976217427475,0.390992027379197,-1.66952876049708,86,1.6258956839476,71
"226","Arizona","Non-binary","Asian",-0.631976217427475,0.537723832652539,0.080655277171822,15,0.491079689084981,11
"227","Arkansas","Non-binary","Asian",-0.631976217427475,-1.82424974754011,0.851856642783848,49,0.182807138731891,27
"228","California","Non-binary","Asian",-0.631976217427475,0.68392040736061,0.371719305883504,94,-0.0796348278965701,51
"229","Alaska","Male","Other",-0.631976217427475,0.597283207411312,-1.7485389013592,51,0.349372725262572,30
"230","Arizona","Male","Other",-0.631976217427475,0.490784854017143,-0.05209255663292,28,-0.251458090787654,13
"231","Arkansas","Male","Other",-0.631976217427475,-1.74343827894469,0.978381699692115,81,1.16850640046865,55
"232","California","Male","Other",-0.631976217427475,0.6684865965833,0.500709278881174,47,-0.3214930388234,21
"233","Alaska","Female","Other",-0.631976217427475,0.483761057279918,-1.61413388813709,62,1.55012058301127,51
"234","Arizona","Female","Other",-0.631976217427475,0.754406497977895,0.167204308220921,75,0.00191503210590007,41
"235","Arkansas","Female","Other",-0.631976217427475,-1.67321839429398,1.07133172694653,66,2.10778594039079,57
"236","California","Female","Other",-0.631976217427475,0.586805793346013,0.347364357777064,27,-0.805775990609359,9
"237","Alaska","Non-binary","Other",-0.631976217427475,0.379521705418634,-1.58583878850693,31,1.79371064886953,25
"238","Arizona","Non-binary","Other",-0.631976217427475,0.739094190671319,0.180812528654252,84,-0.172149915865764,32
"239","Arkansas","Non-binary","Other",-0.631976217427475,-1.72459385850926,1.11378683851488,39,0.789462096175793,30
"240","California","Non-binary","Other",-0.631976217427475,0.593556065778616,0.33855537264449,31,0.181088123750651,17
"241","Alaska","Male","White",-0.315988108713738,0.423111279846663,-1.62144155974852,22,0.757967898267353,18
"242","Arizona","Male","White",-0.315988108713738,0.698917933410855,0.112613967406282,66,0.60474078698405,42
"243","Arkansas","Male","White",-0.315988108713738,-1.64047025475904,1.23942040899805,52,-0.0515260878490031,27
"244","California","Male","White",-0.315988108713738,0.420437239944575,0.489187476443171,53,0.63693519543565,31
"245","Alaska","Female","White",-0.315988108713738,0.508896995800515,-1.5642336969091,89,1.43136102598224,64
"246","Arizona","Female","White",-0.315988108713738,0.393818134667516,0.281922373331279,30,0.489407433377167,21
"247","Arkansas","Female","White",-0.315988108713738,-1.61225533184253,0.941503456942639,6,1.13313629612562,4
"248","California","Female","White",-0.315988108713738,0.638065374432117,0.374867509923963,21,0.550829424783318,14
"249","Alaska","Non-binary","White",-0.315988108713738,0.471105510853393,-1.50937182524254,48,0.714939465381709,27
"250","Arizona","Non-binary","White",-0.315988108713738,0.714409230277693,0.38720993753701,17,0.529675523061867,10
"251","Arkansas","Non-binary","White",-0.315988108713738,-1.70746502714523,1.2269630386122,36,-0.23501930378639,14
"252","California","Non-binary","White",-0.315988108713738,0.452322831029117,0.369168662083907,52,0.174589903765163,27
"253","Alaska","Male","Black",-0.315988108713738,0.483752057305261,-1.70193032413263,100,-0.302318494565593,35
"254","Arizona","Male","Black",-0.315988108713738,0.498334004710349,0.343684739844999,49,-0.652585873003642,14
"255","Arkansas","Male","Black",-0.315988108713738,-1.87648643836192,1.04234580359252,65,-0.502128592258539,24
"256","California","Male","Black",-0.315988108713738,0.629877020550041,0.133619744199463,87,0.00156614496658117,46
"257","Alaska","Female","Black",-0.315988108713738,0.630670945862286,-1.64698734253615,45,0.080608082763293,25
"258","Arizona","Female","Black",-0.315988108713738,0.592872126107612,0.0836769361386565,88,-0.255133373961452,38
"259","Arkansas","Female","Black",-0.315988108713738,-1.85847318592217,0.975373947579189,13,0.0343382570158265,4
"260","California","Female","Black",-0.315988108713738,0.333980546245143,0.297348035046545,69,-0.916855247133904,18
"261","Alaska","Non-binary","Black",-0.315988108713738,0.494511317007694,-1.592224679614,28,0.931785627467114,20
"262","Arizona","Non-binary","Black",-0.315988108713738,0.720170806024664,0.135481335439539,7,0.108574227302361,2
"263","Arkansas","Non-binary","Black",-0.315988108713738,-1.74216431647162,1.22914292183134,10,-0.795191121437434,3
"264","California","Non-binary","Black",-0.315988108713738,0.573746799258288,0.330839439322205,20,-0.259415797958878,2
"265","Alaska","Male","Hispanic",-0.315988108713738,0.451763477242216,-1.77488463530743,17,1.00154402176525,9
"266","Arizona","Male","Hispanic",-0.315988108713738,0.602740717179293,0.285062968805706,83,-0.30999708735889,40
"267","Arkansas","Male","Hispanic",-0.315988108713738,-1.71682166978168,1.20820298924068,31,-0.109929481713912,10
"268","California","Male","Hispanic",-0.315988108713738,0.625745699030248,0.710041988027774,40,-0.391629958922739,18
"269","Alaska","Female","Hispanic",-0.315988108713738,0.529909712494515,-1.57274691795263,99,1.47745548173033,86
"270","Arizona","Female","Hispanic",-0.315988108713738,0.655021954738528,0.433151188075387,14,-0.676582923845619,6
"271","Arkansas","Female","Hispanic",-0.315988108713738,-1.74851194399093,0.895447416850001,7,0.299409375609341,6
"272","California","Female","Hispanic",-0.315988108713738,0.514584491969467,0.18672788711976,40,-0.300184998175149,16
"273","Alaska","Non-binary","Hispanic",-0.315988108713738,0.614775148156554,-1.76007111822322,18,1.30154626483022,8
"274","Arizona","Non-binary","Hispanic",-0.315988108713738,0.492360667024941,0.14483578277877,31,-0.032298024940092,15
"275","Arkansas","Non-binary","Hispanic",-0.315988108713738,-1.54347176674701,1.20123658223788,19,-0.158347671714988,6
"276","California","Non-binary","Hispanic",-0.315988108713738,0.639436176340107,0.385475584992536,91,-0.182816440602714,49
"277","Alaska","Male","Asian",-0.315988108713738,0.501279910001956,-1.58367324778902,29,0.103956760088047,16
"278","Arizona","Male","Asian",-0.315988108713738,0.510223234063488,0.212120273954221,63,0.0987623042503772,32
"279","Arkansas","Male","Asian",-0.315988108713738,-1.91407548584532,1.11877401609022,13,-0.965073963146114,4
"280","California","Male","Asian",-0.315988108713738,0.56301183011808,0.431281070329796,94,0.0665691091790861,41
"281","Alaska","Female","Asian",-0.315988108713738,0.770064764267899,-1.42825921656177,6,0.657076341301091,5
"282","Arizona","Female","Asian",-0.315988108713738,0.711071743007011,0.0522807815791292,16,0.389549963018841,9
"283","Arkansas","Female","Asian",-0.315988108713738,-1.78268995133574,1.17970470297324,89,-0.144518024487422,38
"284","California","Female","Asian",-0.315988108713738,0.586359327963751,0.490014908740701,81,-1.03430599906927,23
"285","Alaska","Non-binary","Asian",-0.315988108713738,0.53333411186875,-1.7866985247421,60,1.55336317097468,51
"286","Arizona","Non-binary","Asian",-0.315988108713738,0.664732430512848,0.29888740177456,91,-0.0316074173418416,37
"287","Arkansas","Non-binary","Asian",-0.315988108713738,-1.66309757222809,0.988179550619413,94,-0.534174268482792,39
"288","California","Non-binary","Asian",-0.315988108713738,0.48124785903913,0.293007720283171,78,0.205338325850319,38
"289","Alaska","Male","Other",-0.315988108713738,0.464705281981121,-1.64719620461146,63,0.466513709676356,45
"290","Arizona","Male","Other",-0.315988108713738,0.65690625052307,0.152832960413892,5,-0.864025968427323,1
"291","Arkansas","Male","Other",-0.315988108713738,-1.76320946976284,1.20500815612085,90,0.819567766201271,65
"292","California","Male","Other",-0.315988108713738,0.783921712975586,0.543295096009283,20,-0.278947400375599,9
"293","Alaska","Female","Other",-0.315988108713738,0.472113124223822,-1.46032885586473,60,1.14670157532343,43
"294","Arizona","Female","Other",-0.315988108713738,0.696105026747431,0.143102576445602,13,-0.157030925552861,6
"295","Arkansas","Female","Other",-0.315988108713738,-1.65744232914137,1.00630200384509,59,1.09343645806375,47
"296","California","Female","Other",-0.315988108713738,0.556851157149747,0.446982894166345,14,-0.615961396509047,4
"297","Alaska","Non-binary","Other",-0.315988108713738,0.444523460110066,-1.57345851492317,49,0.987600328711524,37
"298","Arizona","Non-binary","Other",-0.315988108713738,0.615612525283613,0.148509829137882,97,0.622449615162333,60
"299","Arkansas","Non-binary","Other",-0.315988108713738,-1.82644733679349,0.913793775531985,67,-0.443977856392815,23
"300","California","Non-binary","Other",-0.315988108713738,0.635197616147636,0.38864744810294,61,0.00860211556236346,32
"301","Alaska","Male","White",0,0.227234202333101,-1.60363487897612,79,1.70618110716224,62
"302","Arizona","Male","White",0,0.632525886737081,0.190352345821245,73,0.0422286994429663,34
"303","Arkansas","Male","White",0,-1.77591319734221,1.15899876961688,19,0.351768341044203,12
"304","California","Male","White",0,0.519297178890639,0.356278464218422,43,-0.0942183695596109,22
"305","Alaska","Female","White",0,0.653639666325014,-1.62237431126782,66,0.140306904700649,37
"306","Arizona","Female","White",0,0.619092796553442,0.21129109747163,33,0.352442423961927,20
"307","Arkansas","Female","White",0,-1.60796946519143,0.968079075840341,97,0.988516224486005,65
"308","California","Female","White",0,0.803505143309297,0.361787513474978,16,0.685476147722656,6
"309","Alaska","Non-binary","White",0,0.502057519915078,-1.62003773989032,8,0.452643940266197,2
"310","Arizona","Non-binary","White",0,0.651856688088347,0.0593803632864181,66,-0.15603618204631,27
"311","Arkansas","Non-binary","White",0,-1.66581618813552,1.07808340267025,11,0.637556407070101,6
"312","California","Non-binary","White",0,0.856442885723805,0.28040720019297,6,-0.153499404850949,3
"313","Alaska","Male","Black",0,0.575595073683494,-1.74257927557566,54,0.498733771830084,33
"314","Arizona","Male","Black",0,0.499993323171448,0.109084248171855,72,-0.902994487212501,30
"315","Arkansas","Male","Black",0,-1.66731127114811,1.10276286043588,66,-0.159426255815258,19
"316","California","Male","Black",0,0.71801883584759,0.365392736421358,99,-0.597549419572503,33
"317","Alaska","Female","Black",0,0.643979983107919,-1.60896041755835,34,0.0711183128723622,17
"318","Arizona","Female","Black",0,0.586609944120486,0.316303494688303,23,-0.515612952379533,6
"319","Arkansas","Female","Black",0,-1.83126882462562,0.985336938547482,54,-0.208781763042515,21
"320","California","Female","Black",0,0.61735123734688,0.532130279648115,15,-0.22434537145513,6
"321","Alaska","Non-binary","Black",0,0.678797156162431,-1.55841767032808,54,0.472978353018254,36
"322","Arizona","Non-binary","Black",0,0.630485857003634,-0.0187786188257172,26,-0.417247940997426,18
"323","Arkansas","Non-binary","Black",0,-1.85933862410012,0.948459485025094,5,-0.641991802263679,1
"324","California","Non-binary","Black",0,0.623839558879534,0.206715908568106,87,-0.72398062048462,28
"325","Alaska","Male","Hispanic",0,0.352701902319182,-1.52667667250322,25,1.47841522408948,23
"326","Arizona","Male","Hispanic",0,0.526224547626958,0.127098892916915,21,-0.0180592020632123,12
"327","Arkansas","Male","Hispanic",0,-1.90976216263756,1.09533953585443,17,-0.640404659372218,7
"328","California","Male","Hispanic",0,0.622500237825375,0.419411080773653,95,-0.1455716836155,48
"329","Alaska","Female","Hispanic",0,0.522180335947505,-1.79863093233577,43,-0.137712266290557,20
"330","Arizona","Female","Hispanic",0,0.713770949655467,0.150705144032058,15,1.07857069266619,9
"331","Arkansas","Female","Hispanic",0,-1.72989193732108,1.08732080271713,96,0.52168374479101,59
"332","California","Female","Hispanic",0,0.54283092108915,0.416950142566372,20,-0.197387599235621,12
"333","Alaska","Non-binary","Hispanic",0,0.554105446861231,-1.41430044030893,96,1.54277230069524,81
"334","Arizona","Non-binary","Hispanic",0,0.703574140237658,0.445512197295293,35,0.0757382409895593,14
"335","Arkansas","Non-binary","Hispanic",0,-1.61265050382327,1.06932341270559,8,-0.586596727610893,3
"336","California","Non-binary","Hispanic",0,0.509549258195763,0.472543632597236,24,-0.230215009876854,13
"337","Alaska","Male","Asian",0,0.473674151520468,-1.57578678845961,33,0.0746449020953655,15
"338","Arizona","Male","Asian",0,0.602523844379431,0.169938712508774,85,0.0393820942339601,49
"339","Arkansas","Male","Asian",0,-1.87006004808992,1.13695292145066,69,-0.857774035803377,21
"340","California","Male","Asian",0,0.859705383623318,0.307192835513093,65,0.831282385998433,45
"341","Alaska","Female","Asian",0,0.664947209116481,-1.53399268662264,26,0.0786086724446748,12
"342","Arizona","Female","Asian",0,0.757183700679923,0.0901279685040175,43,0.857501562013889,33
"343","Arkansas","Female","Asian",0,-1.69042876047808,1.04089671658179,54,-0.65894025329635,13
"344","California","Female","Asian",0,0.617937489827326,0.32670114260902,88,0.275625048773072,46
"345","Alaska","Non-binary","Asian",0,0.594726840058825,-1.73929328236057,33,0.925458793994348,28
"346","Arizona","Non-binary","Asian",0,0.355698892221536,0.0240208548881168,82,1.17532175540498,56
"347","Arkansas","Non-binary","Asian",0,-1.77151477693075,0.984992113811271,6,-0.322595582562765,2
"348","California","Non-binary","Asian",0,0.537025086824697,0.287931104931934,72,0.77713739143797,40
"349","Alaska","Male","Other",0,0.549985536135667,-1.63062301006647,13,0.114631781025987,9
"350","Arizona","Male","Other",0,0.692905286631255,0.0872911350254963,5,-1.14523022066277,3
"351","Arkansas","Male","Other",0,-1.78533256060409,1.07754279599965,79,-0.0073924987080649,27
"352","California","Male","Other",0,0.642631468451086,0.427027401444901,99,-0.483976276102567,42
"353","Alaska","Female","Other",0,0.488307929777804,-1.55792869685521,36,-0.125417373675606,16
"354","Arizona","Female","Other",0,0.48977886212024,0.10296859629995,91,0.821743395521241,62
"355","Arkansas","Female","Other",0,-1.65588016978514,1.18077050079022,83,0.654135225746114,55
"356","California","Female","Other",0,0.530133196720081,0.493831061896095,91,-0.469145043852465,24
"357","Alaska","Non-binary","Other",0,0.481002481088868,-1.62132643431373,66,-0.0589796413417845,35
"358","Arizona","Non-binary","Other",0,0.650023638464662,0.0988773499247865,35,-0.723550570247725,9
"359","Arkansas","Non-binary","Other",0,-1.72008823432192,0.873904893229331,25,-0.0309196972654199,16
"360","California","Non-binary","Other",0,0.577779428887499,0.540806428625418,15,-0.534948969807674,5
"361","Alaska","Male","White",0.315988108713738,0.401893216815567,-1.59828624065859,69,1.39645010074374,63
"362","Arizona","Male","White",0.315988108713738,0.648939608702702,0.109699991663784,88,-1.16638095281461,21
"363","Arkansas","Male","White",0.315988108713738,-1.81166892216997,1.20684227376387,65,-0.227378376828872,25
"364","California","Male","White",0.315988108713738,0.614152762746383,0.323889354641267,72,-0.951457752519828,21
"365","Alaska","Female","White",0.315988108713738,0.78787634107064,-1.8143532384791,56,-1.39100390344151,6
"366","Arizona","Female","White",0.315988108713738,0.892818749358875,0.0602198730808188,90,-0.159827673285213,45
"367","Arkansas","Female","White",0.315988108713738,-1.94353763879149,1.04003184366845,99,0.0923389079862477,46
"368","California","Female","White",0.315988108713738,0.598254877059303,0.425061469310302,71,-0.48018953819758,28
"369","Alaska","Non-binary","White",0.315988108713738,0.322686306459288,-1.56073622331852,29,0.650637577469751,20
"370","Arizona","Non-binary","White",0.315988108713738,0.497104497086561,0.217466780869862,82,-0.640037612944741,25
"371","Arkansas","Non-binary","White",0.315988108713738,-1.74172317729808,1.31785092598569,13,0.118821912964803,7
"372","California","Non-binary","White",0.315988108713738,0.383111367904649,0.483716805389587,68,-0.301226942911895,25
"373","Alaska","Male","Black",0.315988108713738,0.342423158671809,-1.5744185757262,67,1.69684625780539,56
"374","Arizona","Male","Black",0.315988108713738,0.55713100905165,0.185852302337438,28,-0.60274428617733,8
"375","Arkansas","Male","Black",0.315988108713738,-1.66987330324592,1.08291041506537,85,-0.0458851854726977,43
"376","California","Male","Black",0.315988108713738,0.43028436233452,0.31874133187128,68,-0.239507807960906,24
"377","Alaska","Female","Black",0.315988108713738,0.253062797747117,-1.51275243417311,90,0.0200083503971564,43
"378","Arizona","Female","Black",0.315988108713738,0.553475233404034,0.14770346823544,6,0.0769015310052018,4
"379","Arkansas","Female","Black",0.315988108713738,-1.60011154547707,1.05338238225251,54,-0.0570906901749549,21
"380","California","Female","Black",0.315988108713738,0.747263220745515,0.548359532205068,73,-0.602060052492087,19
"381","Alaska","Non-binary","Black",0.315988108713738,0.641523414448074,-1.51538665121485,11,1.53700859610947,9
"382","Arizona","Non-binary","Black",0.315988108713738,0.663690235377377,0.229929644542813,82,-0.391239279383156,38
"383","Arkansas","Non-binary","Black",0.315988108713738,-1.82707281524873,1.17047887345301,11,-0.0373027460165936,3
"384","California","Non-binary","Black",0.315988108713738,0.739251804680638,0.356573175659784,6,-0.256568589164204,3
"385","Alaska","Male","Hispanic",0.315988108713738,0.738185816652767,-1.54259926440587,7,0.702123306547797,5
"386","Arizona","Male","Hispanic",0.315988108713738,0.63566435773128,0.124567671283898,10,-0.318643848591439,4
"387","Arkansas","Male","Hispanic",0.315988108713738,-1.57831682124285,1.16971352364652,73,0.0531202776635228,35
"388","California","Male","Hispanic",0.315988108713738,0.633588168293385,0.467169732281376,77,0.919638290228281,60
"389","Alaska","Female","Hispanic",0.315988108713738,0.496403849847422,-1.67950710781451,31,-0.281044780294706,11
"390","Arizona","Female","Hispanic",0.315988108713738,0.583751201627112,0.196846012585414,84,0.606668712057229,52
"391","Arkansas","Female","Hispanic",0.315988108713738,-1.80896367059796,1.06932760873856,100,-0.0834298611383443,47
"392","California","Female","Hispanic",0.315988108713738,0.595795075523354,0.541208964852078,52,-0.0455051619096563,27
"393","Alaska","Non-binary","Hispanic",0.315988108713738,0.404906321862673,-1.47808095876385,19,0.977750744606257,13
"394","Arizona","Non-binary","Hispanic",0.315988108713738,0.605798554064742,0.169050704534392,94,-0.162417675902217,34
"395","Arkansas","Non-binary","Hispanic",0.315988108713738,-1.8653141799448,0.986308286193704,7,-0.597046284768664,3
"396","California","Non-binary","Hispanic",0.315988108713738,0.486241924798708,0.260925779478848,20,0.242701496225014,14
"397","Alaska","Male","Asian",0.315988108713738,0.368993403492193,-1.75682509120002,35,1.1654517201078,25
"398","Arizona","Male","Asian",0.315988108713738,0.652144219903563,0.0545350881658189,45,-0.225480556685389,19
"399","Arkansas","Male","Asian",0.315988108713738,-1.89841317335936,1.31675566043011,18,-0.340023845284155,7
"400","California","Male","Asian",0.315988108713738,0.429452448503002,0.433926532744106,95,0.553679936166202,59
"401","Alaska","Female","Asian",0.315988108713738,0.604725523570937,-1.87201543763688,60,0.0555265507323433,24
"402","Arizona","Female","Asian",0.315988108713738,0.64291360449917,0.247517379038344,58,0.474186450797885,39
"403","Arkansas","Female","Asian",0.315988108713738,-1.69980403254877,1.11902488960205,46,-0.731330987691912,17
"404","California","Female","Asian",0.315988108713738,0.61939111819156,0.314008981237968,100,1.29226347048356,74
"405","Alaska","Non-binary","Asian",0.315988108713738,0.573944287929217,-1.59195931788206,17,1.29843067459098,17
"406","Arizona","Non-binary","Asian",0.315988108713738,0.514242920555294,0.307396357239338,90,0.329037101923664,52
"407","Arkansas","Non-binary","Asian",0.315988108713738,-1.8548819277512,1.09675378001465,38,-0.154172139478353,12
"408","California","Non-binary","Asian",0.315988108713738,0.629146777390768,0.30295502365013,39,1.0258264657953,26
"409","Alaska","Male","Other",0.315988108713738,0.252977021974779,-1.53031792939339,74,1.21598388997304,52
"410","Arizona","Male","Other",0.315988108713738,0.523228798838107,0.0964629800649296,54,-0.554061890439642,19
"411","Arkansas","Male","Other",0.315988108713738,-1.60247514068954,1.0520673446275,85,1.03041193317958,58
"412","California","Male","Other",0.315988108713738,0.747030016330496,0.331517742903072,15,-0.390068517639149,3
"413","Alaska","Female","Other",0.315988108713738,0.66411598486586,-1.72341400276785,22,-1.08314006070271,7
"414","Arizona","Female","Other",0.315988108713738,0.807557536884345,0.169062893876119,94,0.256793166964622,56
"415","Arkansas","Female","Other",0.315988108713738,-1.80449460545213,1.03574411245402,52,0.2220640236091,25
"416","California","Female","Other",0.315988108713738,0.684371432771862,0.310282010826277,22,0.209363211129889,15
"417","Alaska","Non-binary","Other",0.315988108713738,0.579737472716238,-1.63662772812417,10,0.500551861504452,8
"418","Arizona","Non-binary","Other",0.315988108713738,0.789720634768794,0.185599969296985,72,-0.557107398394631,25
"419","Arkansas","Non-binary","Other",0.315988108713738,-1.5571852946642,1.00504708862156,100,0.125807310087234,55
"420","California","Non-binary","Other",0.315988108713738,0.579046138308115,0.515594483374437,59,-0.156667183199233,27
"421","Alaska","Male","White",0.631976217427475,0.361241096795476,-1.59090777964654,7,2.11189238326215,6
"422","Arizona","Male","White",0.631976217427475,0.553470198345042,0.199160354191094,54,-1.3094472657689,15
"423","Arkansas","Male","White",0.631976217427475,-1.67331081884235,1.06022899580626,14,-0.489767625949238,4
"424","California","Male","White",0.631976217427475,0.544084943047941,0.450367091182343,97,-1.3251040766454,23
"425","Alaska","Female","White",0.631976217427475,0.610641860069681,-1.74025882194249,34,-0.422032732593315,11
"426","Arizona","Female","White",0.631976217427475,0.534690771359173,0.184064592717143,83,-0.705142196798034,28
"427","Arkansas","Female","White",0.631976217427475,-1.62831078436093,1.07923189841033,82,-0.846409931326734,28
"428","California","Female","White",0.631976217427475,0.626668967227247,0.329373324520098,33,-0.217392169110564,13
"429","Alaska","Non-binary","White",0.631976217427475,0.586935554652682,-1.44597247903957,31,-0.0370543576307164,19
"430","Arizona","Non-binary","White",0.631976217427475,0.604635282142604,-0.0126752020474964,36,-1.48541914687711,10
"431","Arkansas","Non-binary","White",0.631976217427475,-1.75074008964148,0.947792614945194,55,-0.932986163808509,19
"432","California","Non-binary","White",0.631976217427475,0.515600853230098,0.388210177838028,8,-1.08244137536421,2
"433","Alaska","Male","Black",0.631976217427475,0.246653630323522,-1.60440559871114,21,1.42771600525007,15
"434","Arizona","Male","Black",0.631976217427475,0.690772740193499,0.211220179994406,10,-0.774160634420144,2
"435","Arkansas","Male","Black",0.631976217427475,-1.7922376831027,1.07232494408177,95,-0.554570653057705,36
"436","California","Male","Black",0.631976217427475,0.514570465384607,0.508522860554432,25,-1.16875360380212,8
"437","Alaska","Female","Black",0.631976217427475,0.682181688317562,-1.6738452541653,71,-0.505469898205645,27
"438","Arizona","Female","Black",0.631976217427475,0.434244548725773,0.210937154663469,64,-0.35974823598346,30
"439","Arkansas","Female","Black",0.631976217427475,-1.63470732629336,1.15052208912187,12,-0.269367143771009,7
"440","California","Female","Black",0.631976217427475,0.553606184896129,0.572057019219982,74,-1.43314683118229,14
"441","Alaska","Non-binary","Black",0.631976217427475,0.47086678177382,-1.56646640386424,36,1.370354099606,30
"442","Arizona","Non-binary","Black",0.631976217427475,0.747974353449624,0.259332969604115,64,-0.373168123039759,26
"443","Arkansas","Non-binary","Black",0.631976217427475,-1.69005184164432,1.20991528084236,19,-0.222056430895102,10
"444","California","Non-binary","Black",0.631976217427475,0.466949312711018,0.561640532945904,92,-1.22184879478117,22
"445","Alaska","Male","Hispanic",0.631976217427475,0.420753396718225,-1.58497405121166,58,2.05454584009389,52
"446","Arizona","Male","Hispanic",0.631976217427475,0.399900476694393,0.185864362833915,97,-1.37514669646692,14
"447","Arkansas","Male","Hispanic",0.631976217427475,-1.67699057021042,0.970380406995224,95,0.373995124109258,60
"448","California","Male","Hispanic",0.631976217427475,0.631889390561989,0.293964069532469,48,-0.587213542908778,19
"449","Alaska","Female","Hispanic",0.631976217427475,0.271792474143139,-1.60851457645103,55,-0.0200290363667987,30
"450","Arizona","Female","Hispanic",0.631976217427475,0.436998778844388,0.161216962366933,63,-0.250858099743825,23
"451","Arkansas","Female","Hispanic",0.631976217427475,-1.67629901247553,1.05072217894837,32,0.326716122542684,16
"452","California","Female","Hispanic",0.631976217427475,0.691617920754726,0.560588879624152,27,0.0802816695226249,15
"453","Alaska","Non-binary","Hispanic",0.631976217427475,0.498119521024768,-1.82777080944689,20,0.861893595478034,15
"454","Arizona","Non-binary","Hispanic",0.631976217427475,0.560543028181373,0.177721867788244,43,-0.574413485984744,17
"455","Arkansas","Non-binary","Hispanic",0.631976217427475,-1.62777490627171,0.971480757269835,18,0.542588798780319,12
"456","California","Non-binary","Hispanic",0.631976217427475,0.622407689659157,0.369178771205006,27,-0.455637037817238,4
"457","Alaska","Male","Asian",0.631976217427475,0.54492788324333,-1.66596215349743,84,0.658794942633146,54
"458","Arizona","Male","Asian",0.631976217427475,0.558781244932782,0.276175553255059,25,-0.198303045230267,11
"459","Arkansas","Male","Asian",0.631976217427475,-1.80641285964485,1.10645757876719,37,-0.810775993146967,10
"460","California","Male","Asian",0.631976217427475,0.610416130332442,0.472200505477405,46,0.225440853338328,26
"461","Alaska","Female","Asian",0.631976217427475,0.554842706607821,-1.7574215727554,69,0.808987370800464,44
"462","Arizona","Female","Asian",0.631976217427475,0.495652820735073,0.165594549067439,36,0.332727379373468,21
"463","Arkansas","Female","Asian",0.631976217427475,-1.59069296488991,1.09550446812486,16,-0.69594079932929,5
"464","California","Female","Asian",0.631976217427475,0.62721993958907,0.423407201595284,54,-0.285781883594937,26
"465","Alaska","Non-binary","Asian",0.631976217427475,0.637121586961704,-1.61524058864252,66,0.642801033336904,46
"466","Arizona","Non-binary","Asian",0.631976217427475,0.597465831326918,-0.059465385191659,68,-1.12037844045807,16
"467","Arkansas","Non-binary","Asian",0.631976217427475,-1.63954605466435,0.9191344921679,35,0.515779931917353,24
"468","California","Non-binary","Asian",0.631976217427475,0.574389211522342,0.604770987650162,20,1.13319351169408,15
"469","Alaska","Male","Other",0.631976217427475,0.549989847925306,-1.55431903893582,84,1.28560465817081,66
"470","Arizona","Male","Other",0.631976217427475,0.670667855878988,0.186019070363934,7,-1.25959708278527,2
"471","Arkansas","Male","Other",0.631976217427475,-1.63056956519232,1.06151455395022,95,0.582321348701903,66
"472","California","Male","Other",0.631976217427475,0.56843430706771,0.38077152841067,18,-1.35917992877104,5
"473","Alaska","Female","Other",0.631976217427475,0.572928560562673,-1.5034274428859,12,-0.322039931747685,3
"474","Arizona","Female","Other",0.631976217427475,0.549068460568718,0.162237820880673,40,-0.204757185846381,16
"475","Arkansas","Female","Other",0.631976217427475,-1.62497812047367,1.16267498160199,58,0.560456353391005,36
"476","California","Female","Other",0.631976217427475,0.645844239361579,0.195096258952128,95,-0.55044914048069,34
"477","Alaska","Non-binary","Other",0.631976217427475,0.30388834412497,-1.52442605791008,44,1.17802735540932,32
"478","Arizona","Non-binary","Other",0.631976217427475,0.673673584054342,0.374863155367556,64,-1.54100682308783,10
"479","Arkansas","Non-binary","Other",0.631976217427475,-1.58336493310523,0.962508890832067,58,-0.000988290621877399,29
"480","California","Non-binary","Other",0.631976217427475,0.682563988611612,0.245550353719591,51,-1.84280887541657,4
"481","Alaska","Male","White",0.947964326141213,0.560310751966745,-1.65330234202787,19,0.42381265936322,11
"482","Arizona","Male","White",0.947964326141213,0.691671637691497,0.299205160088542,73,-0.28519500392103,35
"483","Arkansas","Male","White",0.947964326141213,-1.62852681237691,0.931774508808753,77,-1.06992124214072,23
"484","California","Male","White",0.947964326141213,0.599636944306751,0.297679307948127,18,-0.924140765653464,2
"485","Alaska","Female","White",0.947964326141213,0.488576922297278,-1.59662097346088,8,-0.0543437871750326,2
"486","Arizona","Female","White",0.947964326141213,0.702558373214103,0.197703462008283,95,-0.70113598902489,32
"487","Arkansas","Female","White",0.947964326141213,-1.73227084337833,0.910112585644793,10,-2.06731392759425,1
"488","California","Female","White",0.947964326141213,0.641289173943713,0.229406056189339,98,-0.496394293883749,46
"489","Alaska","Non-binary","White",0.947964326141213,0.460435295642038,-1.61238446282222,26,0.753885053830527,16
"490","Arizona","Non-binary","White",0.947964326141213,0.559879723796899,0.05103545039732,10,-0.792490669322013,2
"491","Arkansas","Non-binary","White",0.947964326141213,-1.82731682629333,1.1892401289286,92,-0.940817496303014,20
"492","California","Non-binary","White",0.947964326141213,0.715699303855129,0.40205010568687,100,-0.378558053106648,39
"493","Alaska","Male","Black",0.947964326141213,0.544258840728591,-1.57189683755506,87,0.676762476757804,60
"494","Arizona","Male","Black",0.947964326141213,0.642746435418396,0.177740031106976,60,-1.01321176301045,16
"495","Arkansas","Male","Black",0.947964326141213,-1.64255866052142,1.07850824913056,52,-0.0660589807151174,25
"496","California","Male","Black",0.947964326141213,0.52679274455947,0.428640231528646,98,-1.39017567271637,23
"497","Alaska","Female","Black",0.947964326141213,0.52391528446011,-1.64579379292926,65,-0.550830215922071,26
"498","Arizona","Female","Black",0.947964326141213,0.515125255319552,0.18056281458678,95,-1.19602979317667,21
"499","Arkansas","Female","Black",0.947964326141213,-1.71991164169684,0.984782900461362,7,-0.557143722132139,4
"500","California","Female","Black",0.947964326141213,0.708308313880388,0.338548866955588,60,-0.807550431010957,16
"501","Alaska","Non-binary","Black",0.947964326141213,0.468750065349064,-1.64463760217978,36,0.946707444653639,26
"502","Arizona","Non-binary","Black",0.947964326141213,0.753557739289856,0.133496745950454,79,-1.63370761653642,13
"503","Arkansas","Non-binary","Black",0.947964326141213,-1.63406956147832,1.1002191916,74,-0.428256843737063,22
"504","California","Non-binary","Black",0.947964326141213,0.561792909609416,0.22602647224166,53,-1.22229231724872,17
"505","Alaska","Male","Hispanic",0.947964326141213,0.48198815735847,-1.63510466860891,25,1.59245900620935,20
"506","Arizona","Male","Hispanic",0.947964326141213,0.731409275054949,0.141815638394256,65,-0.398194503533012,31
"507","Arkansas","Male","Hispanic",0.947964326141213,-1.68836978561817,1.18474669492601,30,0.231334179872413,20
"508","California","Male","Hispanic",0.947964326141213,0.699839110300343,0.35447837158942,23,-0.717313598615538,6
"509","Alaska","Female","Hispanic",0.947964326141213,0.497188269169626,-1.58415403882948,6,-0.192148721490635,3
"510","Arizona","Female","Hispanic",0.947964326141213,0.576279045915388,0.134300376139336,55,-0.670968034399503,22
"511","Arkansas","Female","Hispanic",0.947964326141213,-1.64259795272805,1.26711354873025,99,-0.116503410297213,47
"512","California","Female","Hispanic",0.947964326141213,0.662594575547435,0.390730084556464,33,-0.71586662521429,14
"513","Alaska","Non-binary","Hispanic",0.947964326141213,0.435706520842208,-1.48695925939035,75,1.35379952671059,61
"514","Arizona","Non-binary","Hispanic",0.947964326141213,0.457726260638229,0.102092200968841,59,-0.844712576427573,16
"515","Arkansas","Non-binary","Hispanic",0.947964326141213,-1.69005784983259,1.30080110931546,51,-0.246840912945139,21
"516","California","Non-binary","Hispanic",0.947964326141213,0.741531097821246,0.55254187598841,59,0.953683630205644,37
"517","Alaska","Male","Asian",0.947964326141213,0.597311485934745,-1.61231104362911,86,0.412757217499596,55
"518","Arizona","Male","Asian",0.947964326141213,0.64265280216904,-0.0303791942917045,18,-0.786217237720454,6
"519","Arkansas","Male","Asian",0.947964326141213,-1.78631889698077,1.16182465774156,19,-0.709927911736276,4
"520","California","Male","Asian",0.947964326141213,0.656855370637853,0.402486337048879,76,-1.0251409159522,21
"521","Alaska","Female","Asian",0.947964326141213,0.569708598805919,-1.51467790225233,17,0.133677442712335,11
"522","Arizona","Female","Asian",0.947964326141213,0.469594306566648,0.277004817461536,44,-0.441473978206696,20
"523","Arkansas","Female","Asian",0.947964326141213,-1.86913750183906,1.22739408804921,24,-0.41133138924732,9
"524","California","Female","Asian",0.947964326141213,0.653472493838056,0.551027510408063,79,-0.456270839698016,26
"525","Alaska","Non-binary","Asian",0.947964326141213,0.676359126740432,-1.68380733340212,26,0.444737544984848,16
"526","Arizona","Non-binary","Asian",0.947964326141213,0.69342744527869,0.271415208883032,43,-0.12106587530736,19
"527","Arkansas","Non-binary","Asian",0.947964326141213,-1.65160408118673,1.00153391492462,18,-1.19993712946806,7
"528","California","Non-binary","Asian",0.947964326141213,0.612788476555409,0.372270918418995,64,-0.163066387323367,34
"529","Alaska","Male","Other",0.947964326141213,0.369509222158351,-1.5989566521636,24,1.05170255278738,20
"530","Arizona","Male","Other",0.947964326141213,0.512367868384431,0.00253850050801541,78,-1.38557230276079,13
"531","Arkansas","Male","Other",0.947964326141213,-1.55953520079,0.98948541150518,11,-0.211950799080175,3
"532","California","Male","Other",0.947964326141213,0.610266877941331,0.476006011606399,83,-0.361330605299583,37
"533","Alaska","Female","Other",0.947964326141213,0.513763609920999,-1.89030628204742,44,-0.492136262342737,18
"534","Arizona","Female","Other",0.947964326141213,0.633602881343381,0.101074651482321,40,-0.148282119738283,17
"535","Arkansas","Female","Other",0.947964326141213,-1.72909144169743,1.05956524566091,84,-0.029212286292771,42
"536","California","Female","Other",0.947964326141213,0.458605035166801,0.218189933897778,54,-1.62525839905784,9
"537","Alaska","Non-binary","Other",0.947964326141213,0.433885045655225,-1.50501896935742,35,0.350960424311735,24
"538","Arizona","Non-binary","Other",0.947964326141213,0.644263603657109,0.193284417962108,38,-2.25548467572809,4
"539","Arkansas","Non-binary","Other",0.947964326141213,-1.57680933649207,0.893917290273953,91,-0.75302617715074,26
"540","California","Non-binary","Other",0.947964326141213,0.448991511321122,0.440450750455104,76,-1.24903903740268,23
"541","Alaska","Male","White",1.26395243485495,0.365962702185489,-1.63937909406566,10,0.336230626723762,7
"542","Arizona","Male","White",1.26395243485495,0.611022428838743,0.0718516626010607,23,-0.987950570516783,6
"543","Arkansas","Male","White",1.26395243485495,-1.69524350160327,1.03912025301488,46,0.162541689903045,30
"544","California","Male","White",1.26395243485495,0.646134770991448,0.453027778815535,93,-0.692885594510432,32
"545","Alaska","Female","White",1.26395243485495,0.615568689843221,-1.73284447311083,28,-0.345879445073205,12
"546","Arizona","Female","White",1.26395243485495,0.675802431503615,0.15791251297795,50,-0.803565123410562,18
"547","Arkansas","Female","White",1.26395243485495,-1.80326557028916,1.02929774325992,88,-0.613811747747537,31
"548","California","Female","White",1.26395243485495,0.7812529129766,0.356695293524579,70,0.06332055668066,38
"549","Alaska","Non-binary","White",1.26395243485495,0.5699490456823,-1.70877408055324,51,-0.120067865017296,21
"550","Arizona","Non-binary","White",1.26395243485495,0.796338293959261,0.322779489390973,75,-0.173078553729227,39
"551","Arkansas","Non-binary","White",1.26395243485495,-1.66537307157289,1.04869178059085,31,-0.322997782232793,11
"552","California","Non-binary","White",1.26395243485495,0.511792201925519,0.417458249939993,95,-0.909864825833648,27
"553","Alaska","Male","Black",1.26395243485495,0.737018150618213,-1.73874308635075,44,0.0831743018577947,22
"554","Arizona","Male","Black",1.26395243485495,0.685596874680541,0.239190336152229,38,-0.858061014382833,9
"555","Arkansas","Male","Black",1.26395243485495,-1.82603049523925,1.10515910047592,29,0.810664313690485,18
"556","California","Male","Black",1.26395243485495,0.80231151718651,0.313064839380109,79,-0.591913674627357,27
"557","Alaska","Female","Black",1.26395243485495,0.647885865324357,-1.68806595741344,55,-0.0124774824385169,25
"558","Arizona","Female","Black",1.26395243485495,0.616808206604673,0.081036022212156,61,-0.59324427539766,29
"559","Arkansas","Female","Black",1.26395243485495,-1.78601640390665,1.00623040093209,85,-0.212712818470676,37
"560","California","Female","Black",1.26395243485495,0.555206011348188,0.399393797862466,15,-0.252031917563451,8
"561","Alaska","Non-binary","Black",1.26395243485495,0.411485099327017,-1.75921744714046,40,1.3459270990811,32
"562","Arizona","Non-binary","Black",1.26395243485495,0.371522996402694,0.251844890534073,88,-1.29729823817575,20
"563","Arkansas","Non-binary","Black",1.26395243485495,-1.80792414570924,1.12055951432313,9,-0.715391331259175,3
"564","California","Non-binary","Black",1.26395243485495,0.602573374652749,0.463277812484937,51,-0.77996520380838,17
"565","Alaska","Male","Hispanic",1.26395243485495,0.288508647530155,-1.60110634605827,64,1.53971783001777,54
"566","Arizona","Male","Hispanic",1.26395243485495,0.772064162161523,0.206563293762469,96,0.428022860340559,58
"567","Arkansas","Male","Hispanic",1.26395243485495,-1.86786124934461,1.04777804716182,69,-0.449412163543528,29
"568","California","Male","Hispanic",1.26395243485495,0.435928095094833,0.395312775515373,75,-2.38133059531945,7
"569","Alaska","Female","Hispanic",1.26395243485495,0.557761478338313,-1.71338989238621,22,0.717886208245012,18
"570","Arizona","Female","Hispanic",1.26395243485495,0.524022951177614,0.109101395070112,91,-1.53443904111373,15
"571","Arkansas","Female","Hispanic",1.26395243485495,-1.85636297581558,1.19222247912342,92,-0.627343913286785,33
"572","California","Female","Hispanic",1.26395243485495,0.581156953201492,0.423347176219555,70,-0.732148755367953,22
"573","Alaska","Non-binary","Hispanic",1.26395243485495,0.612230379631543,-1.67739253697648,95,0.934186329724863,76
"574","Arizona","Non-binary","Hispanic",1.26395243485495,0.600280315056963,0.306616212858066,32,-1.37709729940802,9
"575","Arkansas","Non-binary","Hispanic",1.26395243485495,-1.75897727039572,0.96067256292579,17,-0.370644336017127,6
"576","California","Non-binary","Hispanic",1.26395243485495,0.738202610533354,0.303425182201851,58,0.120624596664917,29
"577","Alaska","Male","Asian",1.26395243485495,0.546031383788849,-1.70058057022918,100,0.870721865686336,74
"578","Arizona","Male","Asian",1.26395243485495,0.703198542219669,0.164633086489881,21,-0.555799653806729,8
"579","Arkansas","Male","Asian",1.26395243485495,-1.77453301689839,0.924739761276821,82,-0.269116217218044,33
"580","California","Male","Asian",1.26395243485495,0.627057690305954,0.452713500152133,44,-1.25151673575388,11
"581","Alaska","Female","Asian",1.26395243485495,0.655490439345263,-1.87672533884023,82,0.90767541635977,62
"582","Arizona","Female","Asian",1.26395243485495,0.807324834879856,0.0465297137851353,56,0.622893452754084,32
"583","Arkansas","Female","Asian",1.26395243485495,-1.7457209341281,1.0094708541721,92,1.21544048756038,73
"584","California","Female","Asian",1.26395243485495,0.799984465274957,0.442592961607526,56,-0.47668747604041,19
"585","Alaska","Non-binary","Asian",1.26395243485495,0.486262118873963,-1.55933155585434,80,0.983169606109503,57
"586","Arizona","Non-binary","Asian",1.26395243485495,0.754115161559518,0.229700009313163,15,-0.640617865808292,4
"587","Arkansas","Non-binary","Asian",1.26395243485495,-1.67696886058863,1.04599936257713,24,-0.104655304651433,15
"588","California","Non-binary","Asian",1.26395243485495,0.498426554771168,0.372492477172966,28,-0.377882239189424,10
"589","Alaska","Male","Other",1.26395243485495,0.51397896308915,-1.60975110561685,76,0.4993664370758,52
"590","Arizona","Male","Other",1.26395243485495,0.76368013761544,0.0372724708836246,61,-1.33194691661096,16
"591","Arkansas","Male","Other",1.26395243485495,-1.53005782647637,1.06246063238014,9,0.607845411317617,6
"592","California","Male","Other",1.26395243485495,0.399395272514899,0.396170196699707,24,-1.12970769471281,2
"593","Alaska","Female","Other",1.26395243485495,0.403007444303593,-1.66412476230685,22,1.54142737185427,13
"594","Arizona","Female","Other",1.26395243485495,0.504663791845586,0.144029726709835,49,-1.15005051429115,8
"595","Arkansas","Female","Other",1.26395243485495,-1.75115079934851,1.05263774714319,16,0.7445202279595,9
"596","California","Female","Other",1.26395243485495,0.706908503918042,0.52553472683384,45,0.150363203291093,23
"597","Alaska","Non-binary","Other",1.26395243485495,0.677600193464078,-1.74295401426039,37,-0.433273111427243,12
"598","Arizona","Non-binary","Other",1.26395243485495,0.552447611458081,0.297610412245727,61,-0.81645444112781,19
"599","Arkansas","Non-binary","Other",1.26395243485495,-1.58980630977794,0.878398160342045,31,-0.322326677038058,15
"600","California","Non-binary","Other",1.26395243485495,0.480091377441123,0.464068015984932,7,-0.259945696560895,3
"601","Alaska","Male","White",1.57994054356869,0.421678235310509,-1.57836381084595,90,1.44268000357399,71
"602","Arizona","Male","White",1.57994054356869,0.800070429303303,0.200525220328353,97,-0.840279963505422,26
"603","Arkansas","Male","White",1.57994054356869,-1.81534257235443,0.958315166154206,27,-0.677792302522415,12
"604","California","Male","White",1.57994054356869,0.754592958925968,0.321592949280478,82,-1.25661752590995,15
"605","Alaska","Female","White",1.57994054356869,0.537050575444037,-1.54261453968625,33,1.0372780644823,19
"606","Arizona","Female","White",1.57994054356869,0.489768596550545,0.269393716518667,85,-1.50605853748769,13
"607","Arkansas","Female","White",1.57994054356869,-1.80634376099535,0.977978143668039,29,-0.0123556753710308,15
"608","California","Female","White",1.57994054356869,0.619677697175651,0.582849570573125,80,-0.682391425441905,20
"609","Alaska","Non-binary","White",1.57994054356869,0.663981418088909,-1.59892062361564,88,-0.0650893666790425,41
"610","Arizona","Non-binary","White",1.57994054356869,0.741570209086467,0.210214688314238,44,0.266601228820354,26
"611","Arkansas","Non-binary","White",1.57994054356869,-1.79419889294159,0.928818245966484,26,-0.0231667865843725,10
"612","California","Non-binary","White",1.57994054356869,0.643347500750187,0.47079448699651,92,0.403305749993579,60
"613","Alaska","Male","Black",1.57994054356869,0.32620469077366,-1.61232060652438,6,0.382167047312206,2
"614","Arizona","Male","Black",1.57994054356869,0.40788509685365,0.15501561081414,31,-2.2087525680928,0
"615","Arkansas","Male","Black",1.57994054356869,-1.763574017588,1.05760631504584,48,0.326006512590419,31
"616","California","Male","Black",1.57994054356869,0.491885635043404,0.461014228964212,58,-0.761048299034579,24
"617","Alaska","Female","Black",1.57994054356869,0.472292793086383,-1.66701865621423,32,0.805343066573878,27
"618","Arizona","Female","Black",1.57994054356869,0.520181485922696,-0.0450486910550403,8,-0.155001410582924,4
"619","Arkansas","Female","Black",1.57994054356869,-1.64946532337299,0.899000438767587,29,0.389779088655257,12
"620","California","Female","Black",1.57994054356869,0.718831421810503,0.416822955764903,80,0.183191438363285,46
"621","Alaska","Non-binary","Black",1.57994054356869,0.585743223043155,-1.70823134407988,94,-0.173161656215823,42
"622","Arizona","Non-binary","Black",1.57994054356869,0.555214370497614,0.297758109223598,24,-0.681566687764829,10
"623","Arkansas","Non-binary","Black",1.57994054356869,-1.68671971938839,1.22073928931248,79,0.535717441719863,53
"624","California","Non-binary","Black",1.57994054356869,0.560352663840843,0.398803351576311,57,-0.898343875124876,11
"625","Alaska","Male","Hispanic",1.57994054356869,0.611626203931232,-1.77319339758255,77,-0.377913114046432,29
"626","Arizona","Male","Hispanic",1.57994054356869,0.748951369052447,0.0856882007685787,48,-0.493765896334583,18
"627","Arkansas","Male","Hispanic",1.57994054356869,-1.7428082709513,0.919590691408907,82,-0.214710227527733,43
"628","California","Male","Hispanic",1.57994054356869,0.532584205179879,0.415740840569193,7,-0.59406073136037,4
"629","Alaska","Female","Hispanic",1.57994054356869,0.511776406715208,-1.76193134281071,50,1.43417853576122,40
"630","Arizona","Female","Hispanic",1.57994054356869,0.604518670369984,0.00618287967517908,55,-0.740989471942284,20
"631","Arkansas","Female","Hispanic",1.57994054356869,-1.74591314192345,1.03698586318782,19,-0.0309675508725486,9
"632","California","Female","Hispanic",1.57994054356869,0.628048909435374,0.277960931108532,63,-0.563330660162965,32
"633","Alaska","Non-binary","Hispanic",1.57994054356869,0.424429973623824,-1.60598626373842,80,-0.197407112025084,35
"634","Arizona","Non-binary","Hispanic",1.57994054356869,0.746362714784429,0.0851367443013769,37,0.0768927662876269,17
"635","Arkansas","Non-binary","Hispanic",1.57994054356869,-1.68767789527006,1.00843982542027,94,-0.236297219098796,45
"636","California","Non-binary","Hispanic",1.57994054356869,0.667406331468551,0.318112154175742,87,-0.295800497143064,43
"637","Alaska","Male","Asian",1.57994054356869,0.694662007046209,-1.6118581014593,73,1.2335324830603,66
"638","Arizona","Male","Asian",1.57994054356869,0.64032655070006,0.264280178490915,48,-1.54433393501081,11
"639","Arkansas","Male","Asian",1.57994054356869,-1.74193963807775,0.916983651363411,30,-0.511346025086362,11
"640","California","Male","Asian",1.57994054356869,0.474327408653031,0.552100339269425,35,-0.605199277697885,11
"641","Alaska","Female","Asian",1.57994054356869,0.321651575028115,-1.68188594791478,41,1.46252465091633,34
"642","Arizona","Female","Asian",1.57994054356869,0.579841964595604,0.23147534006987,72,-1.34930108345142,15
"643","Arkansas","Female","Asian",1.57994054356869,-1.88992206468045,0.846087620839627,58,0.0739073768944965,23
"644","California","Female","Asian",1.57994054356869,0.6306357535298,0.260707851367553,51,-0.578175127896801,22
"645","Alaska","Non-binary","Asian",1.57994054356869,0.444708765505563,-1.64393260273522,76,0.816469348988542,54
"646","Arizona","Non-binary","Asian",1.57994054356869,0.812882316262657,0.243564630392936,84,-0.505338193673107,30
"647","Arkansas","Non-binary","Asian",1.57994054356869,-1.62937662865534,1.0919248256095,96,0.462367037910714,58
"648","California","Non-binary","Asian",1.57994054356869,0.41075964987592,0.27550098862001,14,-1.15507857010374,1
"649","Alaska","Male","Other",1.57994054356869,0.66448956917462,-1.65224548375044,61,0.654659364011067,38
"650","Arizona","Male","Other",1.57994054356869,0.743363228821555,0.146887989716085,39,-0.740353215181772,13
"651","Arkansas","Male","Other",1.57994054356869,-1.63308546084158,1.14761148545234,35,0.181026550033666,17
"652","California","Male","Other",1.57994054356869,0.608210907747541,0.242790554570532,36,-1.14733405850325,4
"653","Alaska","Female","Other",1.57994054356869,0.489833922674287,-1.82653606590403,43,1.88917733673445,38
"654","Arizona","Female","Other",1.57994054356869,0.696081030909184,0.114946816026523,45,-0.513781839863709,21
"655","Arkansas","Female","Other",1.57994054356869,-1.63357680774905,1.13955602215774,56,1.56366673529376,49
"656","California","Female","Other",1.57994054356869,0.564826846064724,0.402904063176924,32,-0.192373595898355,15
"657","Alaska","Non-binary","Other",1.57994054356869,0.504746729442811,-1.56166395074799,23,-0.624977757769005,8
"658","Arizona","Non-binary","Other",1.57994054356869,0.585184464319072,0.305381433443208,43,-0.219128279730531,21
"659","Arkansas","Non-binary","Other",1.57994054356869,-1.58617811377548,1.07535502413619,63,0.426117859966988,40
"660","California","Non-binary","Other",1.57994054356869,0.568366693111076,0.600567088012214,46,1.0818042433832,35
