,true_theta,est_mean,est_std,Type
0,-0.932986163808509,-1.0207032548897133,0.2935445185816207,train
1,-1.25151673575388,-1.6391638751209958,0.3017895067592387,train
2,0.0531202776635228,0.046084715259132374,0.25439739634152353,train
3,-0.212712818470676,-0.4699302285397619,0.25234720988952347,train
4,-1.06992124214072,-0.48391926775321936,0.24980696259008023,train
5,1.36173099378914,1.5095711581228946,0.32747890919815525,train
6,0.520905049695788,-0.2771908096200124,0.2489548925107324,train
7,-0.440831612189363,-0.20751009528213502,0.23338235892751377,train
8,-0.322039931747685,0.3181805471198418,0.4175826488571873,train
9,-0.682391425441905,-0.7784871839421971,0.2696646991103361,train
10,0.662432855504877,0.550324824506221,0.39270300601182795,train
11,0.63693519543565,0.20885014428359536,0.28935232668982835,train
12,1.66888977450241,1.4177098315930587,0.2685375808205706,train
13,-0.786217237720454,-0.6340903503375572,0.4587385438190332,train
14,1.47745548173033,1.524315191154465,0.2520076762979051,train
15,0.0746449020953655,0.9265200329180836,0.30460546013098116,train
16,0.234678362980564,0.5648304741249985,0.46402628861870726,train
17,0.60474078698405,0.6344395264130306,0.23169102254447432,train
18,-0.219128279730531,-0.4824758502478314,0.3128079280212551,train
19,0.560456353391005,0.2986732887954141,0.2722775648308936,train
20,1.39645010074374,1.8122380976341521,0.2668832093947222,train
21,0.831282385998433,0.5544625332606312,0.27235354759582575,train
22,-0.395678058567,-0.5432770145255355,0.25042041550147043,train
23,-0.198303045230267,-0.014795503726512097,0.28116103038393364,train
24,0.0665691091790861,-0.4645979828691816,0.22641461233800533,train
25,-0.69594079932929,-0.20455860773049123,0.35831402082442965,train
26,-0.236297219098796,0.009508681885557204,0.23989006067469062,train
27,0.988516224486005,0.5699608112343544,0.23779663431598017,train
28,-0.157131048131454,-0.09192597072110824,0.36947980650642087,train
29,-0.377882239189424,-0.9782257947926671,0.3059252028631063,train
30,0.925458793994348,1.7722046420952038,0.3169068338672997,train
31,1.13121948001935,1.228520700348529,0.34231452086152064,train
32,0.61066703162385,1.0224596617777502,0.2795001304477832,train
33,0.131592910676223,0.6121918519059968,0.33918423557680993,train
34,1.88018912115579,1.7085972753904426,0.3354336814604383,train
35,-0.557107398394631,-1.075828019248556,0.24077114254035875,train
36,0.716436197287291,0.9998403482449884,0.2565217754641759,train
37,-0.705142196798034,-0.795978011145721,0.21392842868214815,train
38,3.02386907115004,2.7255215676525193,0.3328844413537721,train
39,-0.511346025086362,-0.18934876590698432,0.3718316887960354,train
40,1.55012058301127,1.5200604193584841,0.28349731044314447,train
41,-0.252031917563451,-0.9911582250932003,0.34100357356275424,train
42,-0.12106587530736,-0.2593949666887172,0.24959329109966674,train
43,0.650637577469751,1.0287453715890078,0.34834792535095876,train
44,0.52168374479101,0.47775093917342987,0.21243965546306048,train
45,0.336230626723762,1.2657493778781195,0.33941808460170575,train
46,-1.16875360380212,-1.1420288661865707,0.281959198078629,train
47,-0.741812379215251,-0.8909847651299919,0.20450984321918092,train
48,0.553679936166202,0.6410099162555253,0.24055682074065782,train
49,-0.676582923845619,-0.1660336983974199,0.3328514335344568,train
50,0.789462096175793,1.0400869300286664,0.2934197994607473,train
51,-1.36906114170419,-0.7764958547025527,0.26529742262374956,train
52,-2.38133059531945,-1.7170253085574347,0.2747679059356655,train
53,-1.08314006070271,-0.7921603858487625,0.37665955113580396,train
54,-0.456270839698016,-0.808305111668716,0.26377245936144134,train
55,-0.345879445073205,0.14161952267156677,0.3501580943563604,train
56,-0.0231667865843725,-0.6192854498109268,0.3823981346573677,train
57,0.0768927662876269,0.16670127147978175,0.3146912861846389,train
58,-0.055617935236696,-0.5850165787779839,0.2868307175871726,train
59,-0.597549419572503,-0.6807374389039386,0.2299549169970736,train
60,0.472978353018254,0.9588721263053342,0.28369913632806043,train
61,1.79363043231222,0.9702685859239233,0.450073101701069,train
62,0.582321348701903,0.3024261426247403,0.2303116727631194,train
63,-0.227378376828872,-0.2980148001040489,0.27327000541238183,train
64,1.29476012985909,1.8221415487588213,0.23704495685537072,train
65,-0.217392169110564,-0.8751126657648967,0.21974489577915135,train
66,-0.483976276102567,-0.45531024862292574,0.2168872727541537,train
67,1.47023324101485,1.39302907032371,0.3784972135084725,train
68,-0.474151926505235,-0.18979755765203218,0.2899478009865596,train
69,0.498733771830084,0.12805092862048867,0.270360251630054,train
70,-0.0200290363667987,0.25444451585290695,0.2847589445476755,train
71,0.753438974292489,0.8026017719312364,0.332493128280919,train
72,2.11189238326215,1.6403581498497257,0.3413468390896901,train
73,-0.0570906901749549,-0.3652750626257028,0.26769985561126025,train
74,0.162541689903045,-0.04144108606098383,0.272671184351161,train
75,-0.609670118093851,-0.35582416515317594,0.3141826312565197,train
76,1.8285921777326,1.598215647333702,0.2679395584447327,train
77,1.28560465817081,1.5131145660511618,0.26608432191579584,train
78,-0.371884052430985,-0.6142375624863732,0.24312361715608305,train
79,-0.563330660162965,-0.4575132255892435,0.2628972322775642,train
80,-1.16638095281461,-1.1942066371816904,0.2164399630211204,train
81,0.403305749993579,0.5415803602346323,0.24101092858171996,train
82,0.205338325850319,-0.024105886779124598,0.22531464047090197,train
83,0.944720007119118,0.9853448078641525,0.2535422720784748,train
84,0.182807138731891,-0.1058892904568633,0.31886918861252594,train
85,1.38026074582432,1.2684984839342646,0.2983558647855566,train
86,2.27315763582715,2.2133704223662924,0.256263504748885,train
87,-0.251458090787654,-0.036639687218762346,0.3805262443005953,train
88,0.805343066573878,1.123052472102576,0.33997768120474114,train
89,0.0403904272218884,0.026429327459605027,0.3255163635343942,train
90,0.901700031901371,1.4763695394430265,0.3540318567424817,train
91,1.29226347048356,1.0347616195796316,0.2057450777206371,train
92,0.535717441719863,0.627521208055647,0.2716976410342944,train
93,0.266601228820354,0.12817376754873136,0.27270087598198917,train
94,-0.155001410582924,-0.39815632947914875,0.4762195298558903,train
95,-0.376796773984982,-0.14000396831682133,0.25495630283035764,train
96,-1.54100682308783,-1.4541012688923518,0.2222019094725037,train
97,-0.0455051619096563,0.168091489520872,0.26477359897375413,train
98,-0.55044914048069,-0.585773572183298,0.1814382449879046,train
99,0.90767541635977,1.1853877890224347,0.2807331136404099,train
100,2.81822852881107,1.8520678405743005,0.4141440740703726,train
101,0.258560698256667,0.15424831127190433,0.27197649187099293,train
102,-0.110133135882201,-0.04568357475117863,0.2769975107180095,train
103,-0.111715162352349,0.6853194869969113,0.429215733965573,train
104,-0.549323204998193,-0.8479493922076466,0.4223689479827644,train
105,1.42771600525007,1.289730391222905,0.37613570154874854,train
106,0.919638290228281,0.6574173205477333,0.21759104176492558,train
107,-1.50605853748769,-1.7107133777319907,0.27048823980288633,train
108,0.26455693218366,0.7940520301150329,0.25742666369570244,train
109,1.1654517201078,0.6726704840589359,0.36005179593574,train
110,-0.59406073136037,-0.9854489567936954,0.3524774168869729,train
111,1.21544048756038,0.966167410836485,0.24979529288911717,train
112,-0.889903004315155,-0.33542260228078247,0.2771631947410267,train
113,0.118821912964803,-0.2225456017993194,0.44836071570451824,train
114,2.51226380742001,2.57614440226504,0.2889222345722213,train
115,-0.271141783669422,-0.4902112770534599,0.2390806945316848,train
116,-1.15005051429115,-1.52881664471333,0.2820992101459923,train
117,-0.422032732593315,-1.0883741827555178,0.3464089774147555,train
118,1.1266633475858,1.5717872868011649,0.2730085807173319,train
119,-0.0187187662281663,0.5076841956108081,0.25042134128346333,train
120,-0.47668747604041,-0.8098492236230906,0.2931548072418077,train
121,-0.46488786581093,0.02768415587125568,0.3691213959837363,train
122,1.34918210401085,1.6994358780651255,0.29985210418597064,train
123,-0.75302617715074,-0.6398614937828826,0.2422372381345573,train
124,0.412757217499596,1.1276322135353125,0.24077035097199478,train
125,0.61000539969169,0.5496711023508337,0.27957350974599404,train
126,1.82780962723459,2.4453673878657893,0.3015692488916073,train
127,0.161336240446378,0.19951136251683557,0.22848207769358192,train
128,-0.653351089148632,-0.6340281025846782,0.29435479796185426,train
129,1.47841522408948,2.129649349069556,0.3757403624820221,train
130,-1.47387211696457,-1.178288630003767,0.2467816812763418,train
131,-1.43314683118229,-1.3621599282713297,0.28322526040603796,train
132,0.690697836366551,0.5628662054546542,0.24199398152027835,train
133,-0.26921189700036,-0.47412132622853326,0.39575756147613456,train
134,-1.3251040766454,-1.1973289561760645,0.2243509007717052,train
135,2.29403930285032,2.1607413834746967,0.30083357227973817,train
136,-0.0834298611383443,0.005434188884056058,0.21202502256816305,train
137,-1.33194691661096,-1.3151281477911294,0.27501558318704833,train
138,-1.24903903740268,-1.3937178151019278,0.2640030451075986,train
139,1.60492486782663,1.9934146965657156,0.25879385321317905,train
140,3.36348980857763,2.8873433600981637,0.31891987575198427,train
141,-0.523154208608929,-0.8006613922764978,0.2947458693613691,train
142,-0.377913114046432,-0.08001623282102792,0.2619790249243948,train
143,1.16850640046865,0.9846918885546486,0.2501459244598761,train
144,0.139279052791768,-0.1537519674430776,0.37449575802782176,train
145,1.29843067459098,1.4557582286529835,0.3264237788449305,train
146,-0.109929481713912,-0.33330677444954665,0.3122211565858136,train
147,1.14206639492321,0.9415820654816306,0.30298537074741017,train
148,1.17802735540932,1.08565586876584,0.30591339406191115,train
149,-0.864025968427323,-0.3771634494326081,0.3459354639394518,train
150,-0.670968034399503,-0.7000455353883326,0.25158336965686584,train
151,0.849151526550452,0.8210453270694058,0.28200406755472357,train
152,0.010947244096039,0.05250103923271504,0.3584171564415569,train
153,-0.844712576427573,-1.3473316999392577,0.2749924955420353,train
154,-0.809714173464773,-0.9242687418058421,0.26522189277562147,train
155,0.283814098568169,0.42204848804435874,0.2614528041626685,train
156,-2.16248923047447,-1.3278834652750744,0.28886171306557273,train
157,1.91571434067734,1.5708508617562251,0.3390258473275072,train
158,0.0019150321059,0.19892180155849157,0.2460666412714272,train
159,-0.624977757769005,-0.05129428629114506,0.3845328578145234,train
160,0.792536803343352,0.9550592105084502,0.24862385826610214,train
161,1.02253212184603,1.4313576393238603,0.27087932712655705,train
162,0.627426914443121,0.8981588978234007,0.2473001109159263,train
163,-0.493765896334583,-0.7422865619324406,0.300664338670668,train
164,-0.35974823598346,-0.6527933832183943,0.23611539193932884,train
165,-1.35917992877104,-1.5413281704947794,0.33191531483666564,train
166,1.01119999818857,1.4095777127155609,0.26382404236773455,train
167,0.714939465381709,0.6166047690531763,0.2668438701307548,train
168,-0.255133373961452,-0.13512977910113635,0.2459598598000141,train
169,-0.965073963146114,-1.074488058826591,0.46494610543191633,train
170,-0.261246566201531,0.029786657235724604,0.336517757471858,train
171,-0.183329937447517,-0.07162001008644546,0.3312709654935541,train
172,0.0923389079862477,-0.30393962156645915,0.23362861257424944,train
173,-0.818976294880623,-1.104335574354171,0.317369247972691,train
174,0.408302074817704,0.05327811546112731,0.36683364427761134,train
175,-1.25172161293119,-1.7568841082192452,0.32684484323399215,train
176,-0.204504571060937,-0.9088195775408355,0.2156028736553993,train
177,1.53971783001777,1.8165015565827498,0.3030925868669154,train
178,0.7445202279595,0.06702590311030818,0.4044510617862965,train
179,-0.394526168658206,0.203546686596791,0.2317238353790863,train
180,-0.0515260878490031,0.19018737307755282,0.29449384704585346,train
181,-0.894677526716941,-0.5195388231541863,0.2427717505045993,train
182,-0.148282119738283,-0.9127274471549398,0.24234302121046505,train
183,0.244666316623609,-0.4513770778065844,0.3338672411238137,train
184,-1.3094472657689,-1.7810975890805198,0.241321053820206,train
185,0.332727379373468,0.46474414684039506,0.3162420313525878,train
186,-0.0660589807151174,0.3598118418210714,0.26502383363222426,train
187,-0.22434537145513,-1.0117183071063476,0.3996900965490993,train
188,0.438350577991628,0.6652327427083036,0.31369837779892557,train
189,-0.250858099743825,-0.34064836849096136,0.22983458259738662,train
190,-0.131389876614209,0.16209892838622217,0.2392948686103971,train
191,-1.03430599906927,-0.909828930652228,0.2603646340981023,train
192,-0.652589518451037,-0.759215590808804,0.25529547301094035,train
193,0.120624596664917,-0.22745248491394657,0.2185448803471845,train
194,-0.192148721490635,0.7902027740487845,0.36021157166852463,train
195,0.685476147722656,0.13390476580058389,0.3427736142284364,train
196,0.0786086724446748,0.24678166048679126,0.38837280909849453,train
197,0.0200083503971564,-0.09314975873008598,0.25315255872544923,train
198,0.717886208245012,1.181964764753293,0.3111188317865831,train
199,-0.803565123410562,-0.751161966717364,0.23346572015714687,train
200,-0.295800497143064,0.07548768618475976,0.21939537460842118,train
201,0.778862858131008,0.3821018625918518,0.25171191565850715,train
202,-0.0583919598100606,0.14296015877472087,0.2544667470558082,train
203,-0.692885594510432,-0.9537377774084626,0.23548867824298136,train
204,0.654135225746114,1.0111285869178523,0.24849490263739044,train
205,1.370354099606,1.5258367703521811,0.2987990325362027,train
206,0.0075220698335242,0.2400693073718053,0.24353844087653825,train
207,-0.128582013821434,0.1251026709564074,0.2794191949715658,train
208,1.05170255278738,1.5091270432464632,0.33956601212955073,train
209,0.983169606109503,1.170768618688984,0.2713589453177662,train
210,1.09343645806375,1.3764904199069452,0.28270121486059036,train
211,0.934186329724863,1.252714476177171,0.2499629513652699,train
212,0.542588798780319,-0.030199556812927852,0.3652633157280306,train
213,-0.144518024487422,-0.31201549414639357,0.241303560235177,train
214,1.00154402176525,0.5036477728420964,0.3876212734568817,train
215,0.500551861504452,0.5724750396141499,0.34307865396177484,train
216,-0.827404129241723,-0.5531675409634025,0.26589970542759767,train
217,1.44268000357399,1.4551426125069293,0.2706431958327218,train
218,1.12070561840552,1.2616301167252273,0.2568910956655837,train
219,0.0137322798758334,-0.06673119906965065,0.2401387357051695,train
220,0.0739073768944965,-0.2214830328364036,0.2970143393614975,train
221,-0.378558053106648,-0.532915394399769,0.2171611387441183,train
222,-1.09348669049832,-0.9840680293038031,0.2854974034279522,train
223,0.0711183128723622,0.13049562604071516,0.28147889973811696,train
224,0.953683630205644,0.3600383073851203,0.28237556947935444,train
225,0.977750744606257,1.787009436163933,0.32477645638528146,train
226,-0.951457752519828,-0.9897890772844538,0.2012243792754553,train
227,0.0198657404137913,-0.34460884407126263,0.37890346562758265,train
228,0.607845411317617,0.4203943828206608,0.3640565834834277,train
229,0.231334179872413,0.9757710869241905,0.32857715793674386,train
230,-0.72398062048462,-0.5791727835158131,0.21362504962800621,train
231,-0.641991802263679,-1.0750866082475494,0.4616195025352584,train
232,-0.0458851854726977,-0.2909867011703942,0.21880933158709395,train
233,-0.694239854717243,-1.1633021028083699,0.2769866449654216,train
234,0.140306904700649,0.22580790173549475,0.27373222722101426,train
235,-0.507073362572457,-0.5220070092025788,0.3286933379653772,train
236,0.174589903765163,0.460107561885636,0.2549844158195052,train
237,-0.674875052658262,-1.2377680023028876,0.3965879227946594,train
238,-0.534948969807674,-0.27129602615822324,0.30092531934500627,train
239,0.0757382409895593,-0.11508628559641923,0.31025478842778104,train
240,0.676762476757804,1.0314200890440395,0.25167919058186944,train
241,1.67773882583086,1.8625847240953066,0.2698420620922123,train
242,1.88917733673445,1.530598888646738,0.3505508173221007,train
243,0.529675523061867,0.23308218794104618,0.341963030301777,train
244,-1.31781353815398,-1.8546534324058026,0.2860713705462289,train
245,-2.25548467572809,-2.147651708793413,0.29169349778855963,train
246,1.59245900620935,1.7411912211316711,0.2839099657478087,train
247,-0.116503410297213,-0.0784671674319472,0.24187089329846026,train
248,1.25385388833074,1.4101898276331355,0.3397388724683087,train
249,-0.740353215181772,-1.0610346402874786,0.3084819883312788,train
250,1.2335324830603,1.7492764479318625,0.3046561709734724,train
251,-1.29970269007326,-1.1508144570801653,0.28454488063596045,train
252,0.373995124109258,0.643936798859873,0.23488704379396877,train
253,2.26423763047194,2.4179184090113877,0.2668614674283923,train
254,0.491079689084981,0.6830977774338511,0.3556748927548603,train
255,-0.158347671714988,-0.06490801801726641,0.39808911815386977,train
256,-0.391629958922739,-0.12153222877293438,0.34530539039440744,train
257,-0.278947400375599,-0.20974584344119582,0.3214561357681028,train
258,-0.587213542908778,-0.49410931467036223,0.24293588218016182,train
259,0.288287624555621,-0.045782689035565746,0.27330553923646783,train
260,0.821743395521241,0.7083083929992052,0.24134278914995552,train
261,-0.590853300361294,-0.5508018323757097,0.217924850590258,train
262,-0.269367143771009,-0.35307751964690587,0.3338729774876213,train
263,-1.12970769471281,-2.0850965690824403,0.39222173693824885,train
264,-0.615961396509047,-1.0235981893825494,0.27172305785090073,train
265,-0.433273111427243,-0.4005032379473239,0.3335668948818329,train
266,-0.204757185846381,-0.6529673849896382,0.19776484958555057,train
267,-1.39749633739666,-1.720699056182456,0.30562745175525885,train
268,-0.41133138924732,-0.25814586677024287,0.38290594951742546,train
269,0.373519265511818,0.6007043411252122,0.2441707363001003,train
270,-0.157030925552861,0.3520401359313424,0.2594754017855687,train
271,-2.06731392759425,-0.855827784510395,0.3673493627438735,train
272,-0.902994487212501,-0.45159672096969483,0.2496499899721359,train
273,-0.65894025329635,-0.9616884899613322,0.2715416571505812,train
274,-0.709927911736276,-0.558134511459808,0.4200575203476321,train
275,-0.214710227527733,-0.0024653456277888308,0.25713066084007935,train
276,0.361700106959901,-0.6955961174883944,0.30837163444135923,train
277,-1.42202798011407,-1.2761206498370252,0.3490376720641472,train
278,-0.586596727610893,-0.09565792585002776,0.3931151424200006,train
279,0.58540329959285,0.7419549034394352,0.24912303958111515,train
280,1.17310517494725,1.0251373840530325,0.28610285222106185,train
281,-0.443858891939493,-0.7798597727004192,0.24861651773077748,train
282,-1.48541914687711,-1.0541161283263822,0.3347907836296165,train
283,-0.715391331259175,-0.42088583815836983,0.32441435043026484,train
284,3.00803185931019,2.8255624467116958,0.34323712316889643,train
285,-0.723550570247725,-0.6365347576449886,0.29107742142277215,train
286,-0.281044780294706,-0.1943515422005298,0.3163134394311971,train
287,0.966812934819147,1.5820422073083142,0.23135457124555742,train
288,0.181026550033666,0.38032030271976014,0.3415637537570285,train
289,1.53700859610947,1.430464416672287,0.3364935004377581,train
290,-0.0309196972654199,-0.20166137048812235,0.32710524793166723,train
291,0.10580921206019,-0.8586829550038455,0.23919216352358696,train
292,0.284912140114518,-0.1710101442928621,0.23363923588428614,train
293,1.55336317097468,1.8260631107875762,0.29039193504996275,train
294,-0.104655304651433,0.40633494114832175,0.39872273136883607,train
295,-0.469145043852465,-0.9329621428084823,0.24105764708182761,train
296,-0.159827673285213,0.06384863586689873,0.24651248004449638,train
297,0.702123306547797,1.6896637550948215,0.4775894700813199,train
298,-0.455637037817238,-0.44127377060585166,0.2614747391801026,train
299,1.79371064886953,1.4135356197420899,0.3230995816192764,train
300,-0.640037612944741,-0.9749655745656511,0.23887589479524568,train
301,0.943080540663686,1.206762408613713,0.22901686992928047,train
302,-0.347806374882465,-0.22002403336807402,0.294791840565335,train
303,0.2220640236091,0.0007172250433990449,0.26904435554013917,train
304,0.350478700489141,-0.03469571053089248,0.22610281995632137,train
305,0.350960424311735,0.9474505452431687,0.30330505487111264,train
306,0.256793166964622,0.4582424502877622,0.21714874968239847,train
307,0.103271137867774,0.4661811352825349,0.2423228052767101,train
308,0.987600328711524,1.083028767955792,0.24681909225938953,train
309,-0.239507807960906,-0.7059058509899607,0.24680402428995438,train
310,-1.39017567271637,-1.5629871578276933,0.2266766809003458,train
311,0.352442423961927,0.4237629799246545,0.2560214996981291,train
312,-0.192373595898355,-0.48890430014864167,0.34760494867850694,train
313,0.000345447681725,-0.47765796077555894,0.2807196485294975,train
314,0.819567766201271,0.6722846201406905,0.23541645245983897,train
315,-0.846409931326734,-0.6586191307203133,0.24439537868649738,train
316,0.389020722433177,0.2211389596766917,0.2865614309520743,train
317,-0.417247940997426,0.1586614000176288,0.3514572749706107,train
318,2.05454584009389,2.1699418665880477,0.28551637155365056,train
319,-0.3214930388234,-0.6712968894850548,0.2730424971682945,train
320,-0.0543437871750326,-0.17906700766481465,0.3956253708263015,train
321,-1.4137426024001,-1.7586917262425092,0.3092848123223707,train
322,0.181088123750651,-0.08670343656323967,0.23366836269496513,train
323,-0.208781763042515,-0.586902953701998,0.265648740930261,train
324,-0.428256843737063,-0.7177574144131844,0.2519839203113305,train
325,-1.14523022066277,-0.5008842444655827,0.3451579453874601,train
326,1.54142737185427,1.0927252104733485,0.3608879582766522,train
327,0.654659364011067,0.4298221333146116,0.2893902975210588,train
328,-0.407945577185928,-0.012353360016576566,0.26583479694553985,train
329,-0.792490669322013,-1.3949824390265873,0.36201268854993357,train
330,0.0343382570158265,-0.43400670280432985,0.31554698194921893,train
331,-2.2087525680928,-2.3640246917644636,0.4132592982192685,train
332,0.637556407070101,0.08361289583580632,0.41377992239115885,train
333,1.6258956839476,1.9440128778521617,0.2559987718217946,train
334,0.258356823148539,0.5736466206810545,0.3107627800688858,train
335,0.55512265867277,0.542401869533141,0.24660944156102316,train
336,-0.0316074173418416,-0.2130735614398073,0.2142573394209368,train
337,1.08214836132013,0.9096998022701,0.3171603162975134,train
338,-0.761048299034579,-0.7808797155603837,0.2887834368285207,train
339,1.14670157532343,1.1936878408662794,0.27282426004908966,train
340,-0.640617865808292,-0.7117379363105996,0.36334545919740247,train
341,-0.554061890439642,-0.8022411674926582,0.276225195196552,train
342,-0.163066387323367,-0.184779226860376,0.22891700661406833,train
343,0.108574227302361,-0.49463800763316945,0.3475987553042732,train
344,-0.940817496303014,-1.3946699104103142,0.2640174325575387,train
345,0.009108243026593,-0.22282170660792666,0.22363646023112932,train
346,-0.520123012040599,-0.6005625696474692,0.3600096698704041,train
347,-1.24698747956876,-1.2517372703545993,0.27060402759145136,train
348,-1.15507857010374,-1.6298237530201172,0.46820599385901585,train
349,-1.29729823817575,-1.637214425898824,0.25972774263569226,train
350,-0.957080000296228,-1.3587516757198603,0.24103146073293916,train
351,-0.591913674627357,-0.77818843205771,0.24842578653955139,train
352,-0.113850518283769,-0.22411185069252884,0.31303526466882636,train
353,-1.37709729940802,-0.794262763669899,0.2140991545087511,train
354,-0.172149915865764,-0.18944958989369046,0.22918261643944207,train
355,-0.318643848591439,-0.1799302475674717,0.3432454579551992,train
356,0.178508090139264,0.2704765265794657,0.22034472622483614,train
357,0.242701496225014,-0.15283802514544875,0.28752456471436855,train
358,-0.443977856392815,-0.3607847734827438,0.2570524794400729,train
359,-0.59324427539766,-0.39976106081364154,0.2551987196510944,train
360,2.19742023647514,2.185407583737356,0.28506210545472177,train
361,-0.840279963505422,-1.0265351920308778,0.24239745207742633,train
362,1.8536385570826,1.61247440971009,0.3121828752151682,train
363,-0.77996520380838,-0.4191703391760971,0.27885231293088486,train
364,0.98217097543663,1.4550557366581922,0.23524887701649463,train
365,-0.302318494565593,-0.42193280991503834,0.21284915657491424,train
366,-0.373168123039759,-0.5058067469748914,0.2320036793595355,train
367,-1.84280887541657,-1.8170160659412231,0.2196695429327896,train
368,0.452643940266197,0.5127560325889222,0.3345806224338657,train
369,-0.0589796413417845,0.5682038413793572,0.2448104062266319,train
370,0.857501562013889,1.2934910765982532,0.3247218860847203,train
371,0.838494557478888,1.4875101788959917,0.2701784285581669,train
372,0.0802816695226249,0.0496920458094527,0.30565019738218835,train
373,0.209363211129889,-0.1289730762103201,0.23965698931433327,train
374,0.349372725262572,0.5775152263035579,0.28763695220499874,train
375,0.080608082763293,0.22445678300019328,0.2687798201149444,train
376,1.0258264657953,0.7042980946103993,0.30362329234527613,train
377,-0.805775990609359,-0.6277425260296287,0.26314531445383793,train
378,0.426117859966988,0.41900809043850795,0.2842762746364923,train
379,-0.717313598615538,-0.8768449684902095,0.2787478364338753,train
380,-0.154172139478353,-1.0368807036568732,0.36617756168851945,train
381,-0.390068517639149,-0.7646637195635417,0.29229016230806976,train
382,0.0393820942339601,0.45344901499899665,0.23783050811332235,train
383,0.336581718140539,0.4370915395717274,0.245924541011907,train
384,-0.732148755367953,-0.8815880743764506,0.2502348885329214,train
385,-0.173161656215823,-0.18086015544926426,0.24882013266893416,train
386,1.65760044947708,2.2552226118946908,0.2970358391696376,train
387,-0.222056430895102,-0.47426042558989456,0.35546050888236413,train
388,-0.0009882906218773,-0.13805180210923126,0.25295295826054875,train
389,-0.1455716836155,0.36697177070624126,0.18892529151166218,train
390,-1.16792599444787,-0.8990407838657015,0.2662371194314819,train
391,-0.0073924987080649,-0.28937498594211347,0.23322034744194842,train
392,-0.574413485984744,-0.7518906230508334,0.24179791813121687,train
393,-0.0317064464534032,0.3384596876940135,0.35713465213500745,train
394,1.35379952671059,1.9322032178470767,0.282780427319639,train
395,-0.492136262342737,-0.38456523643077994,0.33213970633360296,train
396,1.30154626483022,0.6654224533977184,0.37695499502450136,train
397,1.46252465091633,1.9236558239741346,0.38233680532178976,train
398,0.0422286994429663,-0.40113368070103905,0.19391729439597952,train
399,-0.98991845668987,-0.7347280328856043,0.3091888092314389,train
400,1.0629721317443,1.556840312362846,0.25227314218195923,train
401,0.66005382227615,0.37896174995098236,0.2711174710964606,train
402,-0.301226942911895,-0.6807340494525372,0.2696431742689599,train
403,1.43417853576122,1.6104837260112237,0.30623268656726876,train
404,2.08059700315738,1.8866115596433455,0.2872655734940137,train
405,0.489407433377167,0.8982228868642247,0.30489227940758623,train
406,-1.38557230276079,-1.9322726186354655,0.2819552869361147,train
407,-0.125417373675606,0.19598327110562808,0.2804853621862792,train
408,0.0769015310052018,0.20606372233523113,0.32421455831088336,train
409,0.454538060061745,0.5804485990995769,0.2921740145850137,train
410,1.70618110716224,1.5036937683183673,0.2693512268951859,train
411,-0.375303331762913,-0.5657109630395502,0.2742575889074365,train
412,0.133677442712335,0.6859242964671842,0.4369204287240716,train
413,1.13313629612562,1.0757874947142712,0.31587545512263104,train
414,0.06332055668066,-0.19725834791359856,0.23643509671371005,train
415,-0.0309675508725486,0.0961005777439379,0.3827442502449256,train
416,-1.01321176301045,-1.4340293969549853,0.2589859743788884,train
417,0.779133851247178,1.3387384879184012,0.26075333988983646,train
418,-0.256568589164204,-0.556901818815216,0.28297556827878034,train
419,-0.0124774824385169,0.11407199081224499,0.28221678333798456,train
420,-0.156667183199233,-0.48653183050981585,0.25703053432350187,train
421,-0.364535287893117,-0.49730807619868306,0.36947575632467006,train
422,0.810664313690485,0.3231933018533673,0.3235136302140591,train
423,-0.731330987691912,-0.9085609401536214,0.2740995261295547,train
424,-1.22229231724872,-1.1267095187370462,0.23203790072631056,train
425,2.20665123487235,1.9265016750614232,0.34582511794501797,train
426,-1.20179098377112,-1.5849242287885879,0.29852709682479706,train
427,0.474186450797885,1.2199532457518139,0.19793992722700834,train
428,0.466513709676356,0.927009996059595,0.26056258142814276,train
429,-0.032298024940092,0.060252940118760326,0.3132298609154473,train
430,-0.30999708735889,-0.12536102474605706,0.22107705783038867,train
431,0.103956760088047,1.1280680645514303,0.29513522507962375,train
432,-1.19602979317667,-1.0086539210537813,0.20204486278878098,train
433,0.0086021155623634,-0.29263951395065047,0.23945073145796855,train
434,-0.211950799080175,0.2269695553346829,0.3142171245832175,train
435,0.870721865686336,1.347660987097483,0.22606268816580863,train
436,0.526315142622095,0.5448127644512947,0.3132258345171278,train
437,-0.619818539155271,-0.569286321545659,0.33216753918023545,train
438,-1.0251409159522,-1.0355566223315826,0.23809810502234896,train
439,1.89414873014242,1.4706513048752718,0.36186408972886086,train
440,0.642801033336904,1.1231439961868923,0.26353364368501403,train
441,0.606668712057229,0.6000986503638266,0.2275388578055639,train
442,0.42381265936322,0.7267174320983169,0.35698204937163847,train
443,-0.673807547147133,-0.6374854699456316,0.35091949307916276,train
444,-0.159426255815258,-0.7248432757784241,0.2257505240102152,train
445,0.444737544984848,0.815523251963657,0.30760870804795565,train
446,1.80002197345637,1.5809841902469137,0.26492016884826763,train
447,0.946707444653639,1.0401980280439018,0.3074505392784121,train
448,-0.48018953819758,-0.5833198963996182,0.23467275875277968,train
449,-0.173078553729227,0.17617814014563077,0.2111542540095635,train
450,-0.613811747747537,-0.5469249302133595,0.23029447862745905,train
451,1.54277230069524,1.8535467699894674,0.2677099297182902,train
452,-0.70113598902489,-0.7334001181802434,0.19530360883176684,train
453,-0.0123556753710308,-0.2132250221281568,0.31899378094051306,train
454,2.75738772338662,2.962760905064988,0.35279013814474397,train
455,-0.640404659372218,-0.637671585921779,0.3571165650657082,train
456,-0.502128592258539,-0.9047393257296222,0.25380207220320145,train
457,-1.39638306927809,-1.7220084728200853,0.27873356143342864,train
458,0.235464897728852,0.49815843060702153,0.2800083142919325,train
459,-0.391239279383156,-0.41842157294014815,0.19209133030682854,train
460,-1.62525839905784,-1.7853290044627932,0.24746094773136856,train
0,-0.41631216715209,0.06664462630999957,0.530973849171661,test
1,-0.765345152760382,-0.0530236146146388,0.5528951303346238,test
2,2.50050727640663,1.8259011967574401,0.5689179177451698,test
3,-0.104764240510223,0.02564417667445945,0.409527457417684,test
4,0.406285238143711,0.07522647395066721,0.4742298002037221,test
5,2.08576419293367,2.7482322025368506,0.46999561644109655,test
6,-0.904649278174647,-0.6260684950920873,0.5166567234765146,test
7,2.7242354125973,1.9644320740567385,0.5687669535253242,test
8,-0.343392729725616,-0.20450176644400228,0.5504747411888828,test
9,1.85074345521544,1.8130217506891055,0.5395030991376966,test
10,-0.875303139873696,-0.8951066821134127,0.5269447989716438,test
11,2.30733644006138,2.311390483738935,0.4525753168202066,test
12,-0.180037810041262,-0.6180708800059092,0.4250872120088918,test
13,-1.23019487543503,-0.7728821774672123,0.6524422327936562,test
14,-0.834864516421532,-0.891782310194146,0.5742106970371232,test
15,-0.936103650277479,-0.2821117829799624,0.5285770368230868,test
16,1.88348257099886,1.4229232093095936,0.8182359611757742,test
17,-0.230557891006855,-0.4736926057668617,0.6074267109706601,test
18,-1.24880144670478,-1.528379355912217,0.45671818618110216,test
19,0.107514848758858,-0.027062908634340466,0.583883644513649,test
20,-1.22262481880233,-1.072994485067249,0.5859213025677132,test
21,-0.012750968315252,0.35787588295581324,0.4762038210632135,test
22,0.219689319961161,0.5455596131898969,0.26790139135866897,test
23,-0.316172932378199,0.44218293235085016,0.5206237353552051,test
24,0.927474102125512,1.0892713171980055,0.3088996809238102,test
25,2.92469626779883,2.7676845237560608,0.5790153919060367,test
26,-0.937581091847932,-0.16083753554034125,0.4401058484326881,test
27,-0.683323553628299,-0.7348933698146259,0.48275288062281696,test
28,-0.134315740647329,0.38541172449014194,0.33238998017110183,test
29,-1.5798857529305,-1.2482022223690399,0.36650499697271877,test
30,0.376428274929692,0.10750905014516031,0.42797970482637804,test
31,-1.28634782801171,-0.9531497611729671,0.4970933662951571,test
32,2.38086968710817,2.0447939451456985,0.40264604941203946,test
33,-0.875539376919567,-0.860955084571954,0.30800466967209883,test
34,1.91270500662631,1.642227682876662,0.4594459383774573,test
35,-0.379193913947828,0.09848963289526952,0.45545510935953687,test
36,0.222155152885527,0.2645735794680197,0.5291625383120132,test
37,0.194003219489933,0.2882114760910042,0.6462298021931622,test
38,2.52289326688292,2.7873274755237563,0.49392755519548187,test
39,1.35145393364133,1.5085689912945661,0.48429566051519096,test
40,0.517884133643767,0.22576857220892593,0.41708081349578274,test
41,1.65146212056922,1.686766788503726,0.2657040529794681,test
42,0.205149958689866,0.30594649547153957,0.3286466271372859,test
43,0.291319589235071,0.24859606629200998,0.3605506129720107,test
44,0.227985250302308,0.6548096862442683,0.40097915491650393,test
45,-0.3503167590347,0.15214098577943272,0.37397943904649167,test
46,1.44125502467639,0.9805700639711408,0.5728133107534679,test
47,-1.00398910565127,-0.5263254523723844,0.2611476273278435,test
48,2.05825106012871,1.2811368683269297,0.5937862996012089,test
49,0.553857820880673,-0.046539754315542206,0.6101488365715101,test
50,0.517306144520692,1.1349017858938557,0.5535052336559754,test
51,1.06109145144277,1.3169454855901777,0.5841882033716403,test
52,0.0558881832105314,-0.7093780191575534,0.329978018555422,test
53,1.35128951935878,1.390190266176802,0.46588344480427046,test
54,-0.147837403543919,-0.17716790056233842,0.31208524716188824,test
55,2.81491573135604,2.6886203088127845,0.4319670165718298,test
56,-0.535550677989012,-0.5627424648716973,0.3065145586079342,test
57,0.647497708070375,0.7631871074085395,0.3304720431233179,test
58,1.0043091648376,1.599991676367504,0.26943451026377563,test
59,0.133748702080077,0.0023262396545271173,0.3888482277847753,test
60,0.370044129309643,-0.1822960160754767,0.323617790437007,test
61,-0.978248619882534,-1.231559235492776,0.5773214792943102,test
62,0.751414907826724,-0.07031063015823988,0.5270967867399874,test
63,-0.152131781839341,-0.24499909258480104,0.5507325156279438,test
64,0.491811250095699,1.6052289046666564,0.5963029011145642,test
65,-0.564625578651008,-0.17983090705560217,0.2893214131116388,test
66,0.57924993537412,0.4336811487155706,0.36206606350369097,test
67,-0.746122352456887,-0.4720002733348675,0.3231218370891574,test
68,1.62940345830943,1.1606728804012512,0.4130225631580185,test
69,-0.0333891567879394,-0.025724859575171045,0.5566768279179564,test
70,-0.639012335850071,-0.4814066533535079,0.2700142273688111,test
71,-0.580862004042504,-1.2662543806550528,0.39905211844094124,test
72,-0.0796348278965701,-0.310972289368519,0.33410669525318687,test
73,2.10778594039079,2.260620000647642,0.3966949070213273,test
74,0.757967898267353,1.3133226699772578,0.33770457646396296,test
75,1.43136102598224,0.8986312712369345,0.3641407509000096,test
76,0.550829424783318,0.5668894445476395,0.34050538017171095,test
77,-0.23501930378639,0.3521392238070174,0.5196962792891763,test
78,-0.652585873003642,-0.7393843089802961,0.3923668691258051,test
79,0.0015661449665811,-0.5391898696127627,0.32808077328497315,test
80,-0.916855247133904,-0.6979478154022152,0.5471424850631733,test
81,0.931785627467114,0.32797555657874444,0.3531813357931831,test
82,-0.795191121437434,-0.4498268005630675,0.5978178371039425,test
83,-0.259415797958878,-0.7950437894975992,0.4156993735199578,test
84,0.299409375609341,1.04491397659531,0.43077573574704675,test
85,-0.300184998175149,0.3331769765602721,0.34774488370677326,test
86,-0.182816440602714,-0.42567945690149694,0.3247490634302745,test
87,0.0987623042503772,0.09003886160115471,0.318371558478728,test
88,0.657076341301091,0.8630969113328447,0.6223747428300784,test
89,0.389549963018841,1.0716318869383163,0.4398533304604591,test
90,-0.534174268482792,-0.7545914600394784,0.5318785545704735,test
91,0.622449615162333,-0.3996359853678363,0.31286420581874946,test
92,0.351768341044203,-0.18956177510025346,0.32887088471494746,test
93,-0.0942183695596109,-0.30677043559394623,0.2762640986566367,test
94,-0.15603618204631,-0.2784366642405813,0.4434977117679819,test
95,-0.153499404850949,-0.631685822703078,0.48742214046682547,test
96,-0.515612952379533,-0.5314839352420022,0.3895186855183542,test
97,-0.0180592020632123,-0.005119969575412647,0.3799847522997936,test
98,-0.137712266290557,-0.258021365290731,0.5154733693007871,test
99,1.07857069266619,0.8556609972443133,0.3970290747581225,test
100,-0.197387599235621,0.21489200933905575,0.3408879224226029,test
101,-0.230215009876854,-0.15093590178141492,0.39019299801264035,test
102,-0.857774035803377,-1.7013698769777656,0.5289182359905934,test
103,0.275625048773072,0.739434155121135,0.2897009331812193,test
104,1.17532175540498,0.6877491405766806,0.6594056789934777,test
105,-0.322595582562765,-1.1292529647415757,0.5140184331580079,test
106,0.77713739143797,0.268465644906678,0.29603506354730014,test
107,0.114631781025987,0.9537109276911063,0.3859468250009436,test
108,-1.39100390344151,-0.9215910677362291,0.5614439163939471,test
109,1.69684625780539,1.4401871178347185,0.40645527466453685,test
110,-0.60274428617733,-0.6246557528843786,0.28171063679147873,test
111,-0.602060052492087,-0.7541462142304456,0.4527653231225092,test
112,-0.0373027460165936,-0.6022930718716043,0.5141760036312697,test
113,-0.162417675902217,-0.20983606607915095,0.32869139683021775,test
114,-0.597046284768664,-0.27144819645147517,0.5082818649924983,test
115,-0.225480556685389,0.49118036225522094,0.4527458590194437,test
116,-0.340023845284155,-1.5560931819867152,0.7060970230088541,test
117,0.0555265507323433,-0.15900027466593128,0.7192412878695081,test
118,0.329037101923664,0.770475572726231,0.35749913010904527,test
119,1.21598388997304,1.551445796066017,0.516775128495455,test
120,1.03041193317958,0.08444903556633535,0.32555637169915086,test
121,0.125807310087234,0.275913511287044,0.41158064696144814,test
122,-0.489767625949238,-0.3259896999048947,0.34130825875409876,test
123,-0.0370543576307164,1.2370695717374343,0.5975945517743398,test
124,-1.08244137536421,-1.2686796468477233,0.2951684180842413,test
125,-0.774160634420144,-0.9632033196440716,0.3394216783041494,test
126,-0.554570653057705,-0.017260670567450263,0.3664685050754944,test
127,-0.505469898205645,-0.6271397468579993,0.5242909588313296,test
128,-1.22184879478117,-0.8507504870442761,0.514679067409414,test
129,-1.37514669646692,-1.020948711858487,0.41282484110508344,test
130,0.326716122542684,-0.025397729326857816,0.3532618509725013,test
131,0.861893595478034,0.7614529170019553,0.6687593834436749,test
132,0.658794942633146,0.9335192829456237,0.3568673764603641,test
133,-0.810775993146967,-1.1474771669446555,0.5169005449709405,test
134,0.225440853338328,0.11836600284297388,0.33922560863958734,test
135,0.808987370800464,-0.11833558565028651,0.5838211337957451,test
136,-0.285781883594937,0.12184812225399708,0.3267138549670127,test
137,-1.12037844045807,0.31475561181980544,0.6861695866747889,test
138,0.515779931917353,-0.4927097655462617,0.6356809289276422,test
139,1.13319351169408,0.6645107193594166,0.6100994654238688,test
140,-1.25959708278527,-1.8252665452851906,0.33979081582112153,test
141,-0.28519500392103,-1.763040819179633,0.31295445821433193,test
142,-0.924140765653464,-2.05799182858553,0.3036154015684052,test
143,-0.496394293883749,-1.0922645195353737,0.20699406531920256,test
144,0.753885053830527,1.0005037152162761,0.5175194505917364,test
145,-0.550830215922071,-0.21872706207862894,0.4125827186963175,test
146,-0.557143722132139,-0.7118159846080687,0.3833994300390008,test
147,-0.807550431010957,-0.7316555466545724,0.37545492031701866,test
148,-1.63370761653642,-0.5016819460733578,0.3933386262775505,test
149,-0.398194503533012,-1.1862497821381643,0.40401780752550537,test
150,-0.71586662521429,-0.6527498165985675,0.3244917221488148,test
151,-0.246840912945139,-0.1315108101675981,0.5686347060603586,test
152,-0.441473978206696,-1.0263247073338198,0.46943406210534994,test
153,-1.19993712946806,-0.0881943652572299,0.5205610031481887,test
154,-0.361330605299583,-1.6005835870189424,0.47216239929875087,test
155,-0.029212286292771,-0.045487721056946165,0.4001421437257725,test
156,-0.987950570516783,-2.1583617697715325,0.46620186069464437,test
157,-0.120067865017296,0.403134247220443,0.5385873724061914,test
158,-0.322997782232793,-0.9077140264170551,0.40204142845933766,test
159,-0.909864825833648,-0.5548845151185934,0.3555349909958418,test
160,0.0831743018577947,-0.5592841194996379,0.5181442246024869,test
161,-0.858061014382833,-1.4967032343564903,0.26376792885663675,test
162,1.3459270990811,0.27319243545699534,0.4668758389566168,test
163,0.428022860340559,-1.0346412325651722,0.36446077127232596,test
164,-0.449412163543528,0.6303755305270539,0.4533900559525101,test
165,-1.53443904111373,-1.031770308481977,0.3681890290114906,test
166,-0.627343913286785,-0.10021560328375692,0.4794693028712005,test
167,-0.370644336017127,-0.4520014357303591,0.42928599075460144,test
168,-0.555799653806729,-1.8093283050053628,0.5166034287915703,test
169,-0.269116217218044,-0.07171178581442351,0.4797913108590911,test
170,0.622893452754084,-0.07462558664349757,0.6979990235100572,test
171,0.4993664370758,1.1790094322193005,0.37349182552924154,test
172,0.150363203291093,-0.28257934845054433,0.5626014805944635,test
173,-0.81645444112781,-1.6788258170502683,0.32080050111492886,test
174,-0.322326677038058,-0.7177244910654373,0.410291883930304,test
175,-0.259945696560895,-0.824923315230729,0.3826879479945467,test
176,-0.677792302522415,-0.28826562487679425,0.459219206345989,test
177,-1.25661752590995,-0.9126002233852116,0.30222326026162183,test
178,1.0372780644823,1.5074490268344904,0.5891656319050743,test
179,-0.0650893666790425,0.5400943150025583,0.6078591104745266,test
180,0.382167047312206,0.7680625508323448,0.5653158745892741,test
181,0.326006512590419,0.3005820991455695,0.4770867478480963,test
182,0.389779088655257,-0.4493996452725314,0.5817267378258496,test
183,0.183191438363285,0.1555960724225932,0.5119816058381428,test
184,-0.681566687764829,-0.6457892382477118,0.40824870852681483,test
185,-0.898343875124876,-0.24980333424606638,0.3974882757460039,test
186,-0.740989471942284,-0.08994893808796317,0.5376853018611734,test
187,-0.197407112025084,1.2659752464470666,0.5012315051011539,test
188,-1.54433393501081,-2.195079191183218,0.5912275806546325,test
189,-0.605199277697885,-1.556394396427438,0.6330119457818801,test
190,-1.34930108345142,-1.5473013908567663,0.6500324634209211,test
191,-0.578175127896801,-1.4063252593753564,0.6201828899813213,test
192,0.816469348988542,1.1643595270170644,0.49457813192702543,test
193,-0.505338193673107,-0.6651103591961314,0.5878081121404212,test
194,0.462367037910714,0.7769990893904273,0.578872389828276,test
195,-1.14733405850325,-1.5964845878537381,0.3850018938917805,test
196,-0.513781839863709,-0.20868652622561962,0.4985345041547887,test
197,1.56366673529376,0.5016462431706172,0.5645345065881076,test
198,1.0818042433832,0.6043398988986111,0.6464712929807587,test
